1225,1250,34234.00,"2019-10-14 05:01:10"
1153,1555,28291.00,"2018-12-23 04:56:22"
1850,1969,39189.00,"2019-03-21 10:44:40"
702,1880,27552.00,"2018-12-17 17:08:49"
110,632,10707.00,"2019-07-05 07:07:51"
1581,77,3619.00,"2019-04-02 20:57:50"
1604,1236,47057.00,"2019-09-07 09:44:09"
321,587,32787.00,"2019-02-26 02:37:37"
1555,1437,20542.00,"2018-12-01 18:31:16"
264,357,2997.00,"2019-11-08 22:35:06"
906,764,8250.00,"2019-11-09 10:55:32"
1746,1919,49772.00,"2019-05-29 20:25:22"
1102,1538,48418.00,"2019-02-12 11:04:30"
1811,661,14837.00,"2019-08-16 12:34:20"
34,490,25291.00,"2018-11-15 00:55:23"
393,11,42440.00,"2019-09-02 20:02:47"
1258,424,33605.00,"2019-06-06 07:31:41"
144,347,1291.00,"2019-10-18 14:46:07"
670,757,34767.00,"2019-03-24 15:15:06"
1391,1798,17084.00,"2019-07-01 16:44:07"
1724,103,16800.00,"2019-06-22 04:15:23"
92,720,41297.00,"2019-04-24 20:02:39"
702,880,39048.00,"2019-09-13 18:58:59"
1187,1523,25626.00,"2019-05-30 23:34:51"
1791,814,11430.00,"2018-11-14 00:47:06"
773,228,22275.00,"2019-01-31 19:43:01"
1347,1152,27096.00,"2019-09-11 08:48:51"
1675,356,46709.00,"2019-01-15 19:29:34"
1515,1599,42243.00,"2019-02-26 11:09:42"
1298,707,48851.00,"2018-11-17 23:37:46"
1913,1708,15921.00,"2018-11-18 19:57:45"
47,242,37532.00,"2018-10-14 11:02:08"
1491,1478,1452.00,"2019-05-12 16:23:40"
1501,1987,30674.00,"2019-10-11 16:45:21"
96,1899,18278.00,"2019-10-31 21:30:21"
690,1007,37987.00,"2019-04-23 04:02:52"
1759,1004,1486.00,"2019-08-10 02:43:32"
1639,1187,32118.00,"2019-08-14 02:19:13"
1833,494,4567.00,"2019-10-08 06:55:16"
1571,336,40982.00,"2019-01-11 10:29:28"
1356,1270,36942.00,"2018-10-22 19:11:40"
148,1249,31016.00,"2018-10-18 05:45:30"
1311,1948,32502.00,"2019-07-01 20:24:54"
1902,16,17900.00,"2019-06-10 04:59:07"
1031,957,26447.00,"2018-11-24 04:01:24"
936,505,14638.00,"2018-12-11 01:00:12"
1947,153,3796.00,"2019-01-23 09:47:17"
1333,1322,3498.00,"2019-03-04 12:49:00"
827,1064,44368.00,"2019-10-11 12:08:50"
894,1245,42841.00,"2019-06-09 20:14:37"
1934,13,28129.00,"2018-11-04 07:39:18"
1262,1985,2652.00,"2018-10-13 22:21:31"
1214,489,23124.00,"2019-07-01 10:06:55"
1781,1979,22094.00,"2019-04-19 03:00:28"
1884,1435,40760.00,"2019-02-23 15:35:08"
725,1377,17748.00,"2019-09-05 14:26:58"
318,925,30775.00,"2019-01-15 13:49:01"
1859,1251,1584.00,"2019-06-24 16:26:32"
258,1035,38540.00,"2019-09-12 13:31:26"
538,467,35006.00,"2019-01-25 05:14:03"
1339,1394,39613.00,"2019-03-28 01:50:31"
1773,887,41673.00,"2019-01-12 16:31:50"
851,1685,28802.00,"2019-09-12 21:15:00"
1159,743,16817.00,"2019-09-04 19:00:01"
1399,575,34034.00,"2019-10-27 11:43:24"
1423,1124,32783.00,"2018-12-15 15:30:52"
243,793,45743.00,"2018-10-27 11:52:17"
216,664,46700.00,"2019-05-12 06:12:58"
350,538,38620.00,"2019-06-07 12:24:40"
553,998,33465.00,"2019-04-23 11:17:46"
451,700,43386.00,"2019-05-19 04:15:26"
1285,1154,24510.00,"2019-04-11 15:41:54"
1367,836,18408.00,"2019-06-09 04:12:44"
132,534,18998.00,"2019-08-26 10:09:30"
669,407,42563.00,"2018-11-09 10:14:46"
1379,19,7422.00,"2019-07-26 10:43:16"
1725,1652,9379.00,"2019-03-08 20:51:01"
1555,816,7063.00,"2018-11-24 09:47:21"
627,1754,41106.00,"2018-10-30 00:42:08"
1116,168,26679.00,"2019-03-24 18:55:14"
1500,404,12966.00,"2018-10-21 19:43:01"
1245,652,36097.00,"2019-09-01 12:13:53"
293,1770,9554.00,"2019-11-08 08:08:46"
1426,1071,6471.00,"2019-10-15 11:01:16"
1880,1985,11304.00,"2019-08-30 02:30:26"
1166,1016,28390.00,"2018-12-18 14:09:24"
1177,833,26417.00,"2019-06-13 02:37:24"
278,409,16286.00,"2019-08-20 00:20:36"
1051,1138,36366.00,"2019-10-31 13:51:12"
14,1428,40101.00,"2019-08-25 23:45:36"
1045,231,3201.00,"2019-08-09 13:41:47"
154,105,22511.00,"2019-03-19 13:50:08"
1272,523,34193.00,"2019-02-09 23:47:38"
12,1065,15543.00,"2019-01-21 20:44:37"
637,1649,38999.00,"2019-02-07 22:07:58"
1241,335,23864.00,"2019-01-01 22:15:27"
525,1523,21486.00,"2019-09-10 23:18:50"
1082,481,26623.00,"2019-01-17 01:00:24"
136,680,19798.00,"2019-08-01 22:07:24"
976,608,32605.00,"2018-12-12 09:34:49"
1593,1418,35705.00,"2019-09-07 23:49:35"
1664,1637,16161.00,"2019-06-10 20:27:59"
1675,1167,49274.00,"2019-04-12 12:08:17"
1826,1538,43600.00,"2018-11-24 03:48:57"
668,1050,37342.00,"2018-10-18 11:49:01"
694,389,6447.00,"2019-10-07 14:35:09"
1140,1241,4433.00,"2019-04-24 00:38:31"
359,798,29596.00,"2019-04-08 23:44:08"
1204,1473,1237.00,"2018-10-31 16:38:26"
1926,1697,29386.00,"2019-04-02 13:35:18"
1524,199,8575.00,"2019-11-10 10:32:00"
143,1874,20282.00,"2019-05-17 19:52:03"
1564,1150,35173.00,"2019-04-03 06:27:49"
1009,110,12296.00,"2019-03-18 02:32:57"
1635,522,21803.00,"2019-06-22 10:26:38"
1889,9,17034.00,"2018-12-02 17:39:18"
497,1548,37658.00,"2019-05-31 20:19:23"
387,1104,21111.00,"2019-10-13 15:30:46"
704,653,34668.00,"2019-09-23 01:19:20"
806,1601,27026.00,"2019-04-05 15:06:43"
629,29,7481.00,"2019-09-13 04:26:54"
858,1185,41435.00,"2019-06-13 12:29:35"
1587,1070,31815.00,"2019-09-19 05:46:18"
1130,1939,35349.00,"2019-02-08 15:31:10"
646,653,1512.00,"2019-10-22 15:21:32"
283,4,40626.00,"2019-03-13 04:11:36"
812,99,45548.00,"2019-04-22 06:56:34"
1033,1193,35041.00,"2019-07-29 13:26:56"
650,1644,37468.00,"2019-02-08 03:44:51"
1908,445,41128.00,"2019-07-02 15:17:06"
167,47,40082.00,"2019-04-02 02:11:39"
276,1067,42106.00,"2019-06-08 14:24:47"
94,1408,28645.00,"2019-05-27 07:31:15"
341,533,16339.00,"2019-06-02 21:38:28"
1360,418,41592.00,"2019-07-07 15:14:11"
1554,120,41237.00,"2019-10-25 04:13:34"
1390,308,18690.00,"2019-01-05 03:21:16"
387,1404,3568.00,"2019-08-23 08:54:29"
1407,1014,24393.00,"2019-09-18 00:44:56"
928,1412,40597.00,"2018-10-29 01:00:27"
218,1989,25845.00,"2019-01-15 16:38:42"
562,1817,6914.00,"2019-01-09 20:28:47"
1156,1861,30059.00,"2019-03-31 22:05:55"
772,1396,27125.00,"2019-07-14 16:39:54"
847,1825,38868.00,"2019-11-06 06:27:02"
391,1719,40961.00,"2018-12-16 04:08:40"
435,1073,43777.00,"2019-03-06 19:02:29"
1654,1245,24992.00,"2019-01-12 05:29:13"
1606,1067,5263.00,"2019-04-27 06:50:18"
138,858,14149.00,"2018-10-29 15:18:37"
1641,375,44971.00,"2019-02-22 10:29:11"
1392,1342,37520.00,"2019-05-13 18:52:22"
1095,1498,8241.00,"2018-11-12 01:05:52"
1046,1951,41582.00,"2018-11-07 21:26:08"
1203,1388,5679.00,"2018-12-27 00:21:09"
1616,1127,34359.00,"2019-10-18 07:16:59"
1165,1276,39596.00,"2019-01-08 07:01:35"
412,1086,11977.00,"2019-08-28 03:38:02"
1448,937,44354.00,"2019-06-27 10:34:44"
1339,1344,7036.00,"2019-06-22 01:35:45"
885,431,37740.00,"2019-04-01 16:55:48"
1873,868,32406.00,"2019-09-29 05:21:24"
935,1064,1920.00,"2019-07-30 23:40:12"
318,804,6731.00,"2019-06-21 07:03:23"
2000,1590,10780.00,"2018-11-22 00:08:39"
1555,955,15938.00,"2019-04-18 17:41:21"
705,159,43634.00,"2019-05-10 03:29:36"
286,1118,5406.00,"2019-05-26 21:14:02"
1652,225,29494.00,"2019-03-27 17:59:20"
1400,121,49737.00,"2019-05-06 12:28:08"
978,1749,19207.00,"2019-03-07 03:19:00"
1205,1470,5332.00,"2019-03-17 00:54:18"
1157,616,26864.00,"2018-12-22 16:04:18"
1839,90,1436.00,"2019-08-23 23:29:25"
1848,855,31936.00,"2019-01-28 10:07:13"
1483,1114,19037.00,"2018-11-29 09:10:16"
1420,364,41258.00,"2019-11-04 17:29:23"
949,978,28359.00,"2019-07-19 06:23:09"
89,1274,21049.00,"2018-12-06 08:27:52"
1572,43,45752.00,"2019-08-15 05:30:51"
739,1287,15961.00,"2019-11-06 18:34:48"
858,1543,46670.00,"2019-01-28 00:39:53"
466,689,42307.00,"2019-04-02 18:19:43"
1625,1161,12751.00,"2019-05-31 05:45:04"
1018,926,7956.00,"2019-10-02 08:10:09"
1844,1824,10037.00,"2018-12-30 01:32:51"
130,1400,27653.00,"2019-04-15 09:11:46"
1701,205,46727.00,"2018-11-28 13:07:15"
50,402,8453.00,"2019-03-20 05:02:30"
808,1925,11023.00,"2019-08-28 08:33:08"
497,1174,12423.00,"2019-08-04 19:15:24"
726,1374,29431.00,"2019-04-19 01:15:49"
1551,1732,37311.00,"2019-02-06 01:59:16"
60,1187,29598.00,"2019-06-11 10:37:09"
2000,277,48413.00,"2019-05-31 23:53:05"
1091,877,5830.00,"2019-01-04 21:38:24"
972,346,21020.00,"2018-12-06 22:55:12"
599,1184,3132.00,"2019-08-15 20:08:44"
1858,1583,27190.00,"2019-09-11 08:12:29"
1796,1209,46659.00,"2019-09-10 13:06:46"
221,538,20416.00,"2019-08-12 21:33:44"
1872,1849,41727.00,"2018-11-10 02:13:05"
1166,320,22550.00,"2019-02-16 11:18:23"
1408,293,5150.00,"2018-10-31 15:25:36"
687,845,22928.00,"2019-08-08 17:50:27"
1298,1879,35810.00,"2018-11-21 05:17:58"
492,262,49649.00,"2019-08-13 13:52:18"
1127,1184,24444.00,"2019-03-14 17:07:10"
1025,52,11380.00,"2019-05-16 14:27:02"
1984,1063,22654.00,"2018-12-11 09:57:34"
1890,388,40585.00,"2019-07-30 14:29:05"
178,1944,8416.00,"2019-09-16 21:22:18"
1153,416,45971.00,"2018-12-28 08:50:50"
432,653,24240.00,"2019-05-13 10:04:51"
672,493,34858.00,"2019-10-18 23:40:32"
1070,1916,11263.00,"2019-03-07 04:45:45"
53,1102,14188.00,"2019-05-05 14:46:04"
1264,1104,6982.00,"2019-01-14 11:25:03"
548,71,48898.00,"2019-01-07 23:01:45"
1094,1601,30972.00,"2019-10-06 15:37:25"
1555,1371,30287.00,"2019-05-20 00:03:24"
1826,787,49434.00,"2019-05-07 04:56:20"
1136,1256,49598.00,"2019-09-10 09:45:17"
1382,1955,43198.00,"2019-05-17 17:07:29"
1404,1420,35724.00,"2019-01-20 16:00:47"
1544,234,49081.00,"2019-05-11 08:10:35"
585,990,22579.00,"2018-11-01 17:33:59"
1635,461,34028.00,"2019-03-13 07:24:19"
113,1680,30220.00,"2019-10-04 11:18:13"
1591,620,47849.00,"2018-10-23 23:00:05"
1849,1012,25804.00,"2019-08-20 18:26:01"
511,449,7912.00,"2019-09-28 21:59:58"
1804,1845,45236.00,"2019-05-03 21:38:49"
833,1901,22280.00,"2019-04-21 00:44:41"
1439,537,11658.00,"2019-01-29 21:19:30"
525,1319,43699.00,"2018-12-12 16:58:46"
1601,131,8442.00,"2019-04-05 07:09:57"
389,660,3028.00,"2018-11-09 01:06:50"
1534,372,8775.00,"2019-10-11 05:51:11"
431,1603,23438.00,"2019-06-19 14:16:50"
1566,1806,22129.00,"2018-11-23 02:41:39"
75,1820,43348.00,"2019-03-12 19:42:36"
233,16,1140.00,"2019-10-10 13:29:10"
266,973,32749.00,"2019-04-03 08:37:30"
1004,1658,3464.00,"2018-11-27 04:19:29"
1701,47,21610.00,"2019-06-23 23:47:49"
1260,1545,2032.00,"2019-05-17 00:32:49"
974,1942,4370.00,"2019-01-03 06:33:56"
1149,799,26488.00,"2019-10-20 20:51:05"
1033,9,43538.00,"2018-10-16 18:36:51"
62,486,48994.00,"2019-08-20 02:13:53"
600,1274,16127.00,"2019-04-05 00:17:56"
1961,1209,20975.00,"2018-11-18 15:39:34"
297,1111,18112.00,"2019-07-16 01:28:55"
1760,1198,20400.00,"2018-10-15 14:27:49"
1396,143,39300.00,"2019-03-27 04:36:23"
745,859,1947.00,"2019-05-29 10:22:34"
1363,328,17946.00,"2019-03-09 02:57:08"
1704,1374,47782.00,"2019-11-01 22:49:26"
652,1867,12983.00,"2019-10-17 20:40:42"
773,922,10340.00,"2019-02-12 09:42:02"
1307,730,39244.00,"2019-08-25 04:06:15"
651,606,13593.00,"2019-05-15 14:16:20"
114,776,36102.00,"2018-12-06 00:36:35"
1376,878,37768.00,"2019-02-17 03:45:17"
1309,1451,2719.00,"2019-05-28 09:55:15"
707,1054,20977.00,"2018-11-18 16:47:31"
1293,1742,25155.00,"2019-01-21 03:46:53"
1635,1213,3884.00,"2019-09-14 06:35:13"
53,331,23865.00,"2019-02-09 02:59:16"
1751,1223,4128.00,"2019-01-18 10:13:08"
1701,1491,6121.00,"2018-10-14 01:59:45"
771,1429,21896.00,"2018-11-23 00:19:39"
50,1606,45472.00,"2018-11-24 18:22:00"
760,627,27125.00,"2019-04-09 17:51:42"
673,718,1627.00,"2018-10-30 12:55:09"
469,745,32870.00,"2019-01-27 09:11:57"
1689,1487,48341.00,"2019-11-09 07:06:04"
1448,1410,39923.00,"2019-10-11 21:30:50"
924,1936,41799.00,"2019-02-26 19:52:28"
1820,877,1704.00,"2019-09-20 15:58:42"
1190,1683,35079.00,"2019-06-21 06:21:19"
1721,1563,2189.00,"2018-12-16 22:49:07"
332,1333,41390.00,"2018-11-03 02:48:22"
141,369,18386.00,"2019-07-26 20:18:14"
722,678,10719.00,"2019-05-10 13:36:43"
815,375,27306.00,"2018-12-14 20:12:30"
147,468,25236.00,"2019-07-16 14:55:45"
824,280,8278.00,"2018-12-24 01:51:30"
1448,1440,1931.00,"2019-09-20 11:24:13"
1996,282,26245.00,"2019-02-08 10:42:54"
611,1507,41692.00,"2019-03-08 11:22:41"
1895,274,12979.00,"2019-02-04 23:29:12"
1364,1875,46118.00,"2018-10-15 05:23:38"
1595,1399,27014.00,"2019-09-13 00:57:32"
15,1543,20798.00,"2019-10-28 07:53:33"
1452,907,15332.00,"2019-04-30 04:39:32"
1069,275,1331.00,"2019-04-25 14:06:02"
1670,1128,23380.00,"2018-12-04 14:05:57"
648,1611,31667.00,"2019-01-02 09:13:18"
934,1744,7534.00,"2019-07-18 16:14:20"
951,203,40920.00,"2019-01-03 22:35:15"
427,679,19372.00,"2019-10-19 19:20:29"
464,670,6148.00,"2019-09-30 19:05:53"
226,152,47531.00,"2019-01-05 07:55:45"
1223,1272,7846.00,"2018-11-22 05:11:28"
1866,1528,1983.00,"2019-02-28 07:53:51"
614,1265,25269.00,"2019-01-11 10:37:00"
1273,1824,31325.00,"2019-06-07 00:34:07"
601,1296,42948.00,"2019-09-26 03:30:19"
961,484,12024.00,"2018-12-14 17:08:07"
393,620,22026.00,"2019-09-20 01:49:29"
126,1999,48117.00,"2019-02-08 18:30:13"
783,93,19755.00,"2019-09-12 16:36:02"
1944,1661,42070.00,"2019-08-16 17:43:34"
1628,1788,7997.00,"2019-06-03 01:30:21"
1674,1351,30058.00,"2019-06-21 12:50:04"
1802,1757,25460.00,"2019-01-10 15:44:13"
710,246,5220.00,"2019-09-12 11:46:30"
1453,1807,32930.00,"2019-03-13 15:39:11"
1408,1554,43008.00,"2018-12-29 06:59:03"
1997,485,27978.00,"2019-06-14 01:38:25"
1277,1384,20301.00,"2019-09-15 17:54:57"
641,1972,17977.00,"2019-09-18 20:23:31"
1152,1620,16385.00,"2019-10-10 10:28:29"
833,1937,40504.00,"2019-05-25 21:18:36"
806,484,41785.00,"2019-09-12 02:54:15"
1125,221,8964.00,"2019-07-18 06:43:00"
1625,1708,49311.00,"2019-01-16 02:28:06"
1466,1975,33133.00,"2019-05-06 04:43:17"
133,427,20286.00,"2018-10-12 18:47:15"
227,1573,23875.00,"2019-11-09 22:30:15"
1474,1038,25531.00,"2019-06-30 06:23:02"
1827,1000,47624.00,"2018-10-19 13:27:54"
731,53,41547.00,"2019-08-06 23:29:53"
750,1404,26932.00,"2019-01-02 18:03:17"
747,917,24574.00,"2018-11-11 02:11:01"
11,743,5347.00,"2018-11-01 10:04:34"
70,971,3895.00,"2019-01-09 02:56:57"
1750,1573,47088.00,"2019-01-19 01:41:00"
57,52,11613.00,"2019-10-11 11:06:23"
134,1733,24451.00,"2019-07-06 07:34:34"
693,1980,44397.00,"2019-10-21 19:20:04"
1204,1369,33247.00,"2019-05-21 15:40:32"
1002,246,47566.00,"2019-08-21 06:09:01"
738,806,42363.00,"2019-01-14 05:23:12"
1696,457,33613.00,"2019-04-13 16:29:57"
903,1426,42820.00,"2019-04-03 21:29:05"
319,357,23616.00,"2019-10-21 01:29:10"
1651,1667,11746.00,"2019-03-01 00:35:47"
1876,1997,5966.00,"2019-02-21 13:36:04"
240,912,7768.00,"2019-02-11 19:20:24"
1595,418,13783.00,"2019-10-27 12:48:54"
1183,449,40212.00,"2019-05-12 21:52:21"
1937,1485,11580.00,"2019-08-04 08:50:43"
526,903,21469.00,"2018-11-30 15:18:48"
816,1525,40439.00,"2019-04-04 09:48:23"
1941,1875,43426.00,"2018-12-16 01:57:45"
678,1423,17197.00,"2019-10-13 10:27:09"
1694,1783,47185.00,"2019-01-07 04:24:09"
114,1083,20701.00,"2019-05-15 00:15:22"
1418,379,17413.00,"2019-03-18 01:19:06"
44,1898,1218.00,"2019-10-29 04:48:56"
141,921,10464.00,"2019-03-18 19:18:04"
352,444,44066.00,"2019-08-13 04:37:29"
927,1376,16693.00,"2018-12-24 00:53:41"
499,214,48777.00,"2019-03-22 21:11:10"
301,480,6845.00,"2019-04-07 11:34:46"
369,1046,11410.00,"2019-01-29 23:31:09"
1994,142,9311.00,"2019-05-11 10:16:58"
1560,220,28054.00,"2019-04-10 09:54:33"
407,517,4489.00,"2019-06-25 05:03:18"
1621,1084,26407.00,"2019-11-04 17:55:17"
131,1161,33033.00,"2019-04-01 14:21:26"
725,1486,24414.00,"2018-12-05 07:34:27"
1676,249,22758.00,"2019-10-31 12:24:38"
1612,1873,29289.00,"2019-07-08 13:03:04"
1411,1045,27376.00,"2019-07-17 06:08:44"
345,984,17046.00,"2019-04-13 12:54:08"
324,1504,12403.00,"2018-11-27 08:33:46"
1101,1607,46011.00,"2019-03-09 02:46:00"
1793,1233,16674.00,"2019-09-23 00:52:37"
936,254,44374.00,"2019-08-07 01:17:01"
1597,1714,34924.00,"2018-12-25 15:42:23"
624,489,2684.00,"2019-10-27 18:59:09"
1962,1736,11383.00,"2019-01-02 06:08:28"
1304,1403,46264.00,"2018-10-28 21:34:35"
1149,1711,31644.00,"2019-08-18 16:00:49"
1418,991,5849.00,"2018-11-29 22:47:30"
912,1804,17759.00,"2018-12-12 07:10:48"
1067,1883,46664.00,"2018-12-21 15:01:57"
1505,120,22947.00,"2019-11-10 01:06:39"
1525,60,49616.00,"2019-06-13 02:25:11"
1663,1367,44071.00,"2019-02-14 15:11:34"
1549,13,33883.00,"2019-09-30 03:20:40"
150,444,25428.00,"2018-12-10 09:17:19"
1820,1384,45374.00,"2019-10-03 08:02:50"
1291,1370,2800.00,"2019-01-10 02:22:40"
37,114,30027.00,"2018-10-18 06:37:40"
937,1226,35883.00,"2019-03-07 22:23:54"
532,672,3473.00,"2019-08-12 07:44:58"
804,280,18174.00,"2018-12-30 13:04:55"
41,22,18396.00,"2019-10-28 23:55:35"
1341,1864,5820.00,"2018-10-24 21:02:57"
1808,898,37880.00,"2019-09-13 14:18:13"
628,1849,25068.00,"2019-06-16 06:34:58"
1978,290,32811.00,"2019-07-27 12:38:39"
750,1822,35193.00,"2019-05-02 21:39:24"
1789,1806,14799.00,"2019-08-19 11:04:08"
1553,1934,9595.00,"2019-05-29 17:49:21"
1922,587,30007.00,"2019-05-23 18:30:56"
1655,1387,40022.00,"2019-09-19 23:45:57"
624,1537,31238.00,"2019-01-22 00:06:21"
117,244,47128.00,"2018-11-28 08:38:50"
1070,1144,47252.00,"2018-11-12 23:48:45"
327,561,3079.00,"2019-06-26 12:50:08"
1087,952,2030.00,"2019-03-27 15:57:19"
728,1238,15474.00,"2019-02-17 04:38:57"
832,1563,22459.00,"2019-04-26 07:04:31"
78,1706,49721.00,"2019-04-14 05:28:20"
1694,1899,37066.00,"2019-09-24 02:39:41"
434,769,47170.00,"2019-10-01 04:52:53"
574,584,22432.00,"2019-03-28 01:41:57"
78,880,48261.00,"2019-04-21 19:48:53"
1963,1719,46627.00,"2019-04-03 22:01:45"
366,900,7258.00,"2018-10-18 15:06:09"
889,1721,12349.00,"2019-02-22 05:55:40"
172,799,30801.00,"2018-10-15 18:46:55"
1216,723,24136.00,"2018-12-12 18:31:35"
1678,983,7365.00,"2019-02-11 01:51:34"
1669,1213,23821.00,"2019-02-17 19:05:39"
1096,1372,39970.00,"2019-02-27 09:24:35"
1226,1448,11025.00,"2019-09-08 08:23:21"
1931,1056,36302.00,"2019-08-07 07:20:19"
1285,1839,10189.00,"2019-01-26 05:55:18"
841,768,10958.00,"2019-07-18 08:49:07"
1867,961,2145.00,"2019-01-06 12:39:59"
1802,1640,24281.00,"2019-04-25 13:41:30"
827,478,40653.00,"2019-10-27 14:35:58"
573,469,9439.00,"2018-11-10 21:01:00"
559,1537,20106.00,"2019-03-01 12:19:53"
1890,1808,21136.00,"2019-10-01 15:58:44"
617,1264,44620.00,"2019-04-11 05:23:02"
464,1651,1244.00,"2018-12-22 19:13:19"
1311,908,33221.00,"2019-08-24 07:13:00"
277,1098,49349.00,"2018-12-22 11:21:10"
1394,1753,30417.00,"2019-01-04 20:38:09"
1585,1305,44090.00,"2019-09-14 20:46:44"
60,1597,23294.00,"2019-08-10 21:19:00"
439,174,19935.00,"2019-01-28 17:19:02"
1528,964,33838.00,"2019-09-08 23:43:07"
1473,1998,26380.00,"2019-08-03 01:29:01"
649,1425,27670.00,"2019-03-06 06:09:47"
27,1684,1083.00,"2019-10-27 02:04:02"
503,131,14322.00,"2019-09-22 09:19:25"
1656,538,18173.00,"2019-06-14 16:22:26"
1060,1979,1743.00,"2019-07-08 14:48:19"
33,118,15238.00,"2019-10-28 22:47:11"
1864,1247,1614.00,"2019-04-16 08:34:19"
1562,1801,17627.00,"2019-06-19 18:57:59"
126,251,19402.00,"2018-12-29 18:52:51"
1863,1974,36867.00,"2019-04-09 20:55:55"
1195,401,29214.00,"2019-07-08 18:42:56"
1484,592,13964.00,"2018-11-02 02:10:11"
423,375,11431.00,"2019-09-19 13:14:49"
135,653,44015.00,"2018-12-26 16:19:00"
1808,38,22510.00,"2019-06-28 15:37:43"
1393,393,20407.00,"2019-07-26 13:22:32"
1175,760,4071.00,"2019-10-06 05:59:22"
412,292,20637.00,"2019-03-07 18:12:06"
210,697,6175.00,"2019-08-18 20:57:25"
436,52,14061.00,"2019-07-23 15:07:04"
1403,521,39638.00,"2019-03-01 16:01:19"
391,371,30577.00,"2019-10-17 11:41:41"
450,1668,13427.00,"2019-02-12 00:17:19"
1505,990,19887.00,"2018-10-18 02:17:03"
682,234,43269.00,"2019-06-03 03:28:52"
1745,1579,44377.00,"2018-12-15 17:32:22"
826,256,28050.00,"2019-05-07 12:45:31"
180,1136,8601.00,"2019-05-31 08:00:53"
162,1586,8143.00,"2019-02-20 10:46:45"
1539,1330,46909.00,"2019-05-21 09:05:38"
960,1879,24205.00,"2018-12-20 11:43:49"
1120,366,33863.00,"2019-05-29 06:48:48"
1805,1762,13507.00,"2019-08-29 04:32:38"
1948,9,36741.00,"2019-04-13 04:36:37"
850,1898,2321.00,"2019-02-25 02:55:55"
235,234,36635.00,"2018-10-27 13:20:49"
75,1095,15469.00,"2019-08-24 21:49:42"
1450,1969,19734.00,"2019-07-20 16:33:57"
1217,820,12895.00,"2019-05-07 17:51:16"
883,299,39496.00,"2019-06-30 09:37:28"
358,1560,11511.00,"2019-10-15 01:10:49"
871,565,39224.00,"2019-05-17 02:54:07"
723,1467,15825.00,"2018-10-16 04:06:46"
454,622,8581.00,"2019-08-29 12:32:45"
446,961,23321.00,"2019-11-10 02:41:13"
306,1758,45958.00,"2019-01-19 03:07:44"
217,151,45998.00,"2018-12-18 13:57:26"
1852,1965,9899.00,"2018-12-01 06:36:55"
1835,789,41625.00,"2019-03-02 19:27:16"
784,625,6220.00,"2019-05-21 00:18:06"
1666,693,38170.00,"2019-05-15 13:18:49"
715,1762,28366.00,"2019-07-01 07:29:11"
1461,998,19205.00,"2018-12-10 12:28:41"
1697,1566,41980.00,"2019-06-19 05:52:38"
1470,108,14937.00,"2018-11-05 22:43:50"
1110,1862,19405.00,"2019-01-03 07:09:26"
1849,1688,41783.00,"2019-01-10 01:39:28"
310,1391,34577.00,"2018-10-24 01:24:11"
1425,1501,41313.00,"2019-09-19 10:35:48"
1966,371,43135.00,"2018-10-31 08:57:52"
830,1617,47992.00,"2019-07-13 20:19:15"
1314,850,38762.00,"2019-03-03 04:28:41"
1809,36,40804.00,"2019-09-08 23:12:42"
1471,469,35484.00,"2019-04-27 22:51:33"
313,1747,36697.00,"2019-04-30 16:56:22"
1054,74,11696.00,"2019-09-08 01:13:29"
357,1540,26236.00,"2019-03-03 20:08:06"
1427,1139,38028.00,"2019-08-12 09:12:52"
392,1055,31111.00,"2019-04-05 21:14:08"
1548,1499,42981.00,"2019-08-07 22:21:13"
1929,1839,17599.00,"2018-12-25 08:52:26"
1051,1120,13637.00,"2019-11-09 04:13:02"
1929,200,36457.00,"2019-01-29 12:34:48"
405,465,16482.00,"2019-02-08 08:44:22"
711,1166,27664.00,"2019-01-28 02:05:50"
1459,672,41896.00,"2018-12-21 04:50:29"
1767,645,47783.00,"2019-02-24 03:51:46"
255,1814,11212.00,"2018-11-10 23:35:41"
1353,253,24781.00,"2019-04-23 11:21:10"
357,1842,27189.00,"2019-06-29 12:02:34"
728,575,19079.00,"2019-01-30 04:12:08"
143,1279,40509.00,"2019-06-28 00:34:58"
1908,294,20077.00,"2019-10-07 18:08:30"
998,460,25111.00,"2019-11-06 04:02:18"
1883,745,10859.00,"2019-03-26 15:50:44"
858,1366,22234.00,"2018-10-17 11:56:52"
1330,1549,13710.00,"2018-12-16 17:27:13"
1685,36,12557.00,"2019-08-16 01:57:45"
170,904,9993.00,"2019-04-20 13:41:01"
1768,1026,41621.00,"2019-06-06 12:13:39"
925,1770,3984.00,"2019-08-30 18:54:20"
1257,1523,40283.00,"2019-03-02 21:10:30"
80,1654,39329.00,"2019-04-06 17:31:27"
1112,1871,19042.00,"2018-10-25 04:57:20"
1048,703,20967.00,"2019-06-21 14:26:35"
1727,977,12126.00,"2019-09-24 06:02:12"
1286,1799,6765.00,"2018-10-28 23:26:43"
1215,1030,29600.00,"2019-05-01 17:24:54"
1709,209,25048.00,"2019-04-13 08:29:24"
940,1177,15755.00,"2019-11-05 20:31:54"
992,1632,37863.00,"2019-02-16 23:16:28"
1305,643,42192.00,"2019-04-17 19:11:58"
1308,1840,13641.00,"2019-05-14 23:43:48"
906,968,9609.00,"2019-02-21 12:37:26"
397,56,38902.00,"2018-10-18 19:15:54"
208,355,49455.00,"2018-12-19 00:56:24"
1916,558,47702.00,"2018-12-08 05:28:37"
1290,435,10524.00,"2019-04-04 01:26:42"
1781,915,30227.00,"2018-10-20 08:43:07"
1017,1009,4620.00,"2018-11-03 20:04:19"
817,69,32105.00,"2019-02-09 09:48:48"
1604,112,44473.00,"2018-12-22 16:23:48"
526,1194,4508.00,"2019-04-03 14:03:09"
186,507,19029.00,"2019-04-06 16:50:35"
1615,549,15532.00,"2019-06-25 14:09:21"
142,1331,33563.00,"2018-10-18 14:08:49"
929,328,38171.00,"2019-05-30 14:15:17"
212,1407,9483.00,"2019-08-14 18:44:28"
1873,93,32463.00,"2019-11-03 03:00:19"
1940,1425,37656.00,"2019-10-14 00:01:36"
1920,1665,26173.00,"2019-06-30 23:08:24"
593,56,8011.00,"2018-12-28 01:12:17"
1982,896,32461.00,"2019-09-23 15:32:55"
1967,1182,2493.00,"2019-05-12 23:34:00"
1154,679,25182.00,"2019-01-28 05:51:53"
30,1866,20054.00,"2019-07-12 06:41:00"
297,1778,18628.00,"2018-11-21 06:18:44"
380,739,31014.00,"2019-05-18 04:58:52"
397,1555,29269.00,"2019-03-27 06:22:43"
43,501,7380.00,"2018-10-28 14:11:10"
85,857,21972.00,"2019-05-22 04:35:52"
1106,356,18684.00,"2018-10-21 03:32:06"
1524,1496,17512.00,"2019-02-02 02:07:56"
112,200,40891.00,"2019-08-28 01:48:12"
1232,256,45657.00,"2019-06-25 06:58:56"
683,1691,46808.00,"2019-01-25 14:49:08"
1939,1282,17023.00,"2019-10-20 09:21:38"
833,510,20781.00,"2019-09-18 03:50:43"
305,940,36644.00,"2019-07-27 07:32:57"
241,1327,27926.00,"2019-01-04 09:56:54"
1708,1463,29892.00,"2019-08-03 22:35:48"
39,936,41664.00,"2018-12-20 12:30:03"
1415,595,12792.00,"2019-10-06 05:24:44"
239,1296,8300.00,"2019-08-19 00:19:55"
1467,1081,12239.00,"2018-12-10 11:58:13"
36,810,13406.00,"2019-06-08 19:03:53"
119,1312,3933.00,"2018-10-17 11:03:35"
876,1789,43539.00,"2019-09-11 15:51:14"
12,243,8328.00,"2019-02-26 07:35:56"
1245,38,42440.00,"2019-05-11 13:53:08"
1592,1604,2901.00,"2019-10-14 02:29:42"
1228,383,11291.00,"2019-01-01 19:05:33"
1436,1220,32907.00,"2019-05-07 12:36:29"
36,244,5437.00,"2019-03-12 10:49:29"
480,1011,6389.00,"2019-04-04 06:29:50"
386,907,39586.00,"2018-11-29 03:30:08"
1483,1682,4604.00,"2018-11-25 20:27:10"
785,700,26158.00,"2019-07-10 19:05:52"
312,697,28306.00,"2019-03-05 06:11:49"
720,1543,32647.00,"2019-01-17 03:37:26"
126,1870,3661.00,"2019-08-15 14:35:39"
205,763,44381.00,"2019-05-25 04:38:38"
182,1945,22200.00,"2019-08-16 14:13:28"
692,1623,1804.00,"2018-11-09 22:27:51"
283,738,25506.00,"2019-04-05 15:48:40"
1283,884,15210.00,"2018-11-04 12:57:07"
709,1736,32736.00,"2019-08-31 05:50:42"
962,1821,8085.00,"2019-06-08 20:36:55"
679,1402,1165.00,"2018-12-21 22:57:30"
1299,899,31938.00,"2019-09-19 11:50:39"
154,293,20168.00,"2019-01-04 03:26:09"
1453,1545,13499.00,"2019-02-22 20:57:57"
263,1418,17209.00,"2018-11-24 02:06:31"
1076,568,17168.00,"2019-09-29 00:58:27"
1250,955,16022.00,"2018-12-03 15:29:34"
1982,1299,10095.00,"2019-01-25 12:11:00"
992,1073,43651.00,"2019-03-18 18:30:50"
869,1145,31982.00,"2019-05-05 01:12:25"
606,1859,21176.00,"2019-09-05 23:12:24"
370,314,6814.00,"2019-06-23 14:06:40"
1241,435,11205.00,"2018-12-17 07:26:14"
1917,224,24193.00,"2019-07-12 15:25:07"
1842,1681,29456.00,"2018-10-28 08:58:43"
1805,784,36472.00,"2019-08-20 14:42:05"
571,1373,34344.00,"2018-11-27 18:21:02"
1494,293,37348.00,"2019-09-21 05:52:50"
367,1880,33933.00,"2019-06-26 10:26:02"
164,1626,6578.00,"2019-07-19 02:34:11"
360,1921,5050.00,"2019-07-27 10:19:20"
1196,451,28280.00,"2018-10-29 17:52:53"
1884,1301,17958.00,"2019-10-21 19:18:35"
1280,1943,15931.00,"2019-07-20 07:26:33"
9,502,13480.00,"2019-02-13 15:28:44"
951,529,35834.00,"2019-02-27 02:24:49"
1915,407,33754.00,"2019-07-31 06:40:57"
41,1445,48609.00,"2019-03-09 16:07:01"
1158,1427,1073.00,"2018-11-07 02:29:12"
1487,1236,41980.00,"2019-02-21 08:00:29"
1496,1018,38649.00,"2018-12-11 21:31:46"
837,1908,18174.00,"2019-01-12 09:37:06"
1478,513,18196.00,"2019-10-31 17:22:13"
854,1123,45418.00,"2019-02-05 11:53:34"
1255,747,9469.00,"2018-10-16 05:45:07"
1380,402,49085.00,"2019-01-06 01:27:02"
1736,99,46712.00,"2019-09-15 02:28:46"
865,1516,4752.00,"2019-05-01 12:17:30"
1449,552,20694.00,"2018-10-13 10:17:18"
865,1681,23897.00,"2019-02-23 07:06:31"
520,1587,1603.00,"2019-02-15 04:06:34"
611,1252,21637.00,"2019-01-14 06:35:22"
197,1059,21702.00,"2019-03-08 04:19:25"
633,522,9825.00,"2019-06-18 00:16:59"
548,185,5993.00,"2019-09-05 09:38:31"
1993,1781,11743.00,"2019-06-25 22:06:17"
1290,1932,7615.00,"2019-09-04 19:45:28"
1141,664,39482.00,"2019-06-24 22:31:28"
188,198,27118.00,"2019-04-13 07:56:47"
333,888,49679.00,"2018-12-15 06:52:42"
1842,1682,47411.00,"2019-07-27 02:35:57"
694,1710,17317.00,"2019-09-30 13:40:21"
440,1073,49077.00,"2019-07-28 07:06:43"
273,1821,19399.00,"2018-10-20 01:47:02"
1831,107,6731.00,"2018-12-12 05:46:33"
1135,1114,12620.00,"2019-07-26 05:59:20"
245,1642,7986.00,"2019-03-25 21:51:02"
1829,1356,8666.00,"2019-08-15 02:38:33"
1799,1786,5326.00,"2018-12-19 04:19:02"
790,1666,45385.00,"2019-02-18 07:54:25"
232,90,24882.00,"2019-07-13 01:16:35"
179,371,45569.00,"2019-02-17 08:09:15"
1814,883,33026.00,"2018-11-22 02:56:42"
1130,1401,35129.00,"2019-10-03 20:03:59"
1778,1229,12364.00,"2019-06-02 15:29:46"
1441,469,36528.00,"2019-09-06 22:39:13"
1589,1045,34439.00,"2019-04-21 09:29:44"
680,1677,24107.00,"2018-12-14 17:58:53"
907,1295,3176.00,"2019-10-25 07:10:38"
518,147,23629.00,"2018-12-25 14:46:56"
414,1411,23464.00,"2019-01-09 09:53:11"
660,512,34656.00,"2018-10-18 14:41:14"
1823,447,5295.00,"2019-09-10 18:34:12"
1604,1061,23945.00,"2019-01-07 09:59:38"
1717,1250,47180.00,"2019-07-25 19:03:13"
724,1880,24573.00,"2019-04-16 23:20:16"
472,149,33355.00,"2018-12-17 19:40:42"
105,1321,6215.00,"2019-05-11 05:56:33"
1505,1313,45578.00,"2019-10-02 10:30:05"
1859,1121,24194.00,"2018-11-17 10:18:11"
900,1039,16477.00,"2019-09-02 21:34:35"
1634,688,44266.00,"2019-07-21 23:19:51"
613,223,24684.00,"2019-01-05 21:09:21"
1286,1763,34645.00,"2018-11-02 00:16:20"
896,1352,47414.00,"2019-04-22 12:53:14"
318,1220,43999.00,"2018-11-08 06:00:59"
1500,759,1113.00,"2019-04-07 18:30:20"
1287,1793,30541.00,"2019-04-16 13:39:56"
1178,617,18160.00,"2019-03-08 05:10:51"
296,1954,5763.00,"2019-06-06 13:00:09"
800,1311,28485.00,"2018-10-21 08:38:08"
938,1241,7344.00,"2019-07-16 18:05:46"
1568,1101,28665.00,"2019-03-05 11:57:27"
874,333,10627.00,"2019-04-29 06:33:42"
1166,40,33204.00,"2019-11-09 05:35:30"
1062,740,16458.00,"2018-11-11 18:02:14"
807,1214,17232.00,"2019-04-15 16:02:46"
1657,45,47986.00,"2019-03-22 21:26:41"
1419,192,34497.00,"2019-07-18 07:01:18"
782,1020,35630.00,"2019-02-08 20:57:26"
216,947,47621.00,"2019-04-10 16:21:29"
61,283,25467.00,"2018-12-15 20:45:26"
1487,720,5102.00,"2019-08-09 21:02:52"
302,835,2476.00,"2019-04-17 05:18:39"
592,1471,43332.00,"2019-06-24 12:46:52"
1603,950,35190.00,"2019-07-03 19:13:01"
438,149,34499.00,"2018-11-26 19:14:50"
103,850,45349.00,"2019-04-07 19:32:23"
1821,912,18199.00,"2019-02-17 11:19:56"
673,1153,32963.00,"2018-12-02 05:30:01"
327,45,26168.00,"2019-06-21 02:40:17"
369,1273,2727.00,"2019-09-26 22:54:26"
191,487,45536.00,"2019-01-21 19:55:04"
1738,1659,47025.00,"2019-03-19 22:25:17"
929,121,40812.00,"2019-10-05 15:25:14"
1242,479,43870.00,"2019-03-29 02:30:12"
238,1426,48922.00,"2019-08-28 08:17:26"
1503,1598,27451.00,"2019-05-11 20:11:56"
1615,1720,22916.00,"2019-06-19 23:53:37"
640,1708,33536.00,"2019-01-06 05:01:58"
1433,1940,12362.00,"2019-08-06 18:39:49"
1615,1792,16941.00,"2019-06-16 06:16:33"
1297,220,48692.00,"2019-04-20 12:58:10"
667,1091,36666.00,"2019-02-26 04:33:38"
265,1145,5913.00,"2019-05-06 17:42:13"
1762,440,44074.00,"2019-11-03 13:20:37"
338,1638,44925.00,"2019-09-19 06:35:32"
1134,672,34599.00,"2019-07-25 21:46:39"
1343,1817,28627.00,"2019-10-05 19:58:41"
487,1100,42150.00,"2019-03-25 15:34:37"
347,1037,48649.00,"2019-04-18 02:26:19"
62,970,32145.00,"2018-12-18 00:23:23"
876,117,25927.00,"2019-03-20 15:07:08"
1203,214,19516.00,"2019-10-19 18:20:12"
1435,149,21625.00,"2019-10-06 15:32:25"
582,298,45280.00,"2019-05-31 08:43:17"
175,983,27911.00,"2019-05-01 18:22:20"
656,1936,1317.00,"2018-12-12 18:06:44"
1295,470,18060.00,"2019-05-11 05:54:22"
200,1586,37112.00,"2019-01-16 06:22:42"
621,2000,34957.00,"2019-02-09 21:42:54"
244,607,16377.00,"2018-10-17 14:45:37"
1921,259,14593.00,"2018-10-27 08:11:59"
1671,1863,11629.00,"2018-11-16 15:31:19"
510,1783,32893.00,"2019-07-13 17:37:14"
474,850,12955.00,"2019-07-14 13:04:43"
133,579,21994.00,"2019-01-30 19:34:37"
1240,1407,22433.00,"2019-02-28 03:38:43"
344,725,2532.00,"2018-11-04 00:55:33"
284,1354,42236.00,"2019-11-05 00:21:07"
1209,1465,24889.00,"2019-03-18 03:56:24"
547,106,17156.00,"2019-08-30 21:57:14"
546,637,24627.00,"2019-10-05 12:32:31"
1916,1500,23704.00,"2018-11-23 11:47:24"
948,930,13932.00,"2019-07-23 05:31:57"
475,1611,1751.00,"2019-07-19 21:42:33"
1206,1816,3418.00,"2018-12-06 19:37:16"
12,25,19597.00,"2019-07-31 10:42:21"
1766,1813,37110.00,"2018-12-15 02:35:01"
794,186,12378.00,"2019-09-07 04:22:19"
1295,426,14060.00,"2019-10-22 18:00:47"
108,165,21055.00,"2019-05-23 04:37:04"
1693,1800,41333.00,"2019-06-08 04:54:08"
1811,1805,42849.00,"2018-12-13 00:19:40"
364,770,37842.00,"2019-02-04 12:19:02"
1632,264,1441.00,"2019-02-28 21:32:34"
266,1085,32592.00,"2019-05-05 10:58:21"
1315,1107,34735.00,"2019-09-13 20:48:12"
148,1329,34091.00,"2019-07-21 13:27:42"
1321,1401,31962.00,"2019-05-28 03:58:32"
300,1261,17829.00,"2019-01-28 14:06:59"
519,579,15004.00,"2019-08-26 09:08:32"
1982,1932,28656.00,"2019-02-17 00:50:02"
1628,1544,34998.00,"2019-09-23 13:33:50"
190,943,19519.00,"2019-05-17 01:29:41"
745,1885,6208.00,"2018-12-23 02:07:21"
1951,100,24554.00,"2019-10-03 16:23:58"
479,1504,44438.00,"2019-05-17 17:55:31"
1316,1849,48544.00,"2019-09-09 10:04:06"
112,1196,12463.00,"2019-05-13 07:54:17"
655,1456,39646.00,"2019-01-15 18:24:00"
1076,616,35439.00,"2019-04-07 08:34:03"
1388,1489,41522.00,"2019-06-15 17:19:30"
1554,1841,27584.00,"2018-12-08 17:45:14"
1228,84,10904.00,"2019-09-16 11:46:31"
19,1791,16545.00,"2018-12-11 01:21:38"
553,1458,20998.00,"2019-04-01 16:33:56"
1705,1309,38841.00,"2019-09-19 18:19:19"
303,696,13358.00,"2019-08-09 23:29:40"
1081,223,32700.00,"2019-11-04 13:15:15"
1413,20,47534.00,"2019-03-04 02:34:44"
601,548,31240.00,"2019-05-12 01:02:50"
981,553,20024.00,"2019-07-27 04:06:34"
1346,1293,29542.00,"2019-09-28 10:42:11"
1759,1419,13887.00,"2019-03-20 07:55:33"
1099,1630,6362.00,"2019-01-24 09:28:22"
1093,1791,36040.00,"2019-04-20 10:47:35"
141,462,39974.00,"2019-06-19 16:33:57"
1154,1095,42841.00,"2018-12-18 01:36:56"
319,864,12711.00,"2018-10-13 22:13:43"
1140,1568,35272.00,"2019-07-04 00:49:20"
1186,1671,25840.00,"2019-04-20 04:32:42"
782,1952,15371.00,"2019-07-24 13:42:12"
806,1418,30874.00,"2019-04-29 09:52:53"
968,955,39000.00,"2019-04-12 14:10:42"
11,1548,16631.00,"2019-06-07 10:00:18"
61,575,39331.00,"2019-01-19 03:08:20"
1717,1431,29596.00,"2019-04-30 06:22:19"
968,1257,15817.00,"2018-10-31 05:19:17"
39,1085,9562.00,"2019-03-04 10:35:09"
649,855,34862.00,"2019-01-11 16:51:59"
223,211,14196.00,"2019-04-24 05:25:13"
1187,1254,15642.00,"2019-03-19 21:12:08"
52,1310,40376.00,"2019-08-05 23:20:42"
1601,1858,10307.00,"2019-10-27 01:16:13"
253,1963,46894.00,"2018-11-18 04:08:31"
1182,1171,17620.00,"2018-11-27 15:49:16"
871,134,13675.00,"2019-10-22 10:23:39"
583,11,24494.00,"2019-06-18 13:38:54"
767,1975,6458.00,"2018-12-18 17:15:33"
534,778,40225.00,"2019-01-01 00:11:43"
797,1228,30938.00,"2019-04-13 03:04:39"
853,1724,14864.00,"2019-08-19 03:27:01"
1093,432,22710.00,"2019-11-09 15:28:06"
1317,18,10286.00,"2019-08-19 16:38:26"
1616,122,11428.00,"2019-08-04 23:58:23"
1511,1396,47164.00,"2018-12-22 21:04:06"
810,651,12938.00,"2018-12-21 16:48:09"
1023,1158,19477.00,"2019-09-02 09:15:37"
1642,1867,4350.00,"2019-06-02 13:36:12"
867,615,44477.00,"2019-01-04 09:08:45"
1869,1228,30185.00,"2019-02-08 22:52:57"
1531,1798,26933.00,"2019-02-12 01:54:28"
1976,696,26758.00,"2019-03-15 03:42:28"
1413,1466,25193.00,"2018-10-17 10:28:42"
610,1364,18716.00,"2019-08-05 20:05:43"
1375,71,8921.00,"2019-03-03 11:07:31"
1334,1854,48998.00,"2019-05-07 10:38:28"
992,1795,47311.00,"2019-02-27 08:25:13"
1946,1641,15242.00,"2019-10-11 01:35:50"
714,389,40423.00,"2019-01-20 08:48:49"
1101,667,18948.00,"2019-10-29 00:00:33"
364,435,6555.00,"2019-11-05 20:09:11"
394,1352,11892.00,"2018-10-29 23:04:17"
206,262,17237.00,"2019-09-16 10:44:52"
1255,1977,33032.00,"2019-03-14 02:40:53"
709,715,23185.00,"2018-11-12 08:53:31"
173,185,33045.00,"2019-10-27 02:07:33"
434,843,36693.00,"2019-05-22 21:01:46"
942,1035,10594.00,"2019-06-20 07:25:57"
1134,986,48290.00,"2019-03-12 15:39:35"
1708,313,6502.00,"2019-05-25 12:59:02"
795,952,5084.00,"2019-06-02 00:24:28"
975,178,43421.00,"2019-11-08 09:37:57"
212,917,37923.00,"2019-04-01 18:52:18"
110,1881,44580.00,"2018-12-13 06:03:01"
1957,1162,46417.00,"2019-10-11 12:47:39"
320,1137,20131.00,"2019-02-20 17:38:20"
272,751,13379.00,"2018-12-29 20:16:02"
1627,112,17170.00,"2018-11-26 19:05:29"
668,794,8280.00,"2019-07-22 08:07:37"
18,246,4235.00,"2019-03-26 19:49:15"
1891,995,23902.00,"2019-08-18 15:49:22"
1622,1520,41229.00,"2018-10-17 13:44:46"
1227,446,32739.00,"2019-07-05 12:07:09"
648,1935,42956.00,"2019-08-10 10:48:05"
581,1583,36262.00,"2019-10-30 05:23:27"
1830,943,1188.00,"2019-06-01 14:49:10"
920,1598,23535.00,"2019-08-15 13:58:53"
253,1314,4757.00,"2019-07-28 16:44:46"
216,1983,15150.00,"2019-04-30 11:12:17"
1998,222,15315.00,"2019-10-06 04:36:44"
178,1647,11956.00,"2019-01-27 09:41:30"
1133,1575,34954.00,"2019-02-01 08:28:20"
1503,1597,12530.00,"2019-04-09 11:14:27"
1714,1636,39630.00,"2019-09-13 04:32:58"
1476,180,20121.00,"2019-09-08 01:25:40"
1385,596,10938.00,"2018-12-28 02:34:16"
781,1621,34153.00,"2019-08-15 15:36:48"
482,1809,5454.00,"2019-01-07 20:03:53"
678,1833,14317.00,"2019-05-21 23:56:08"
1138,787,48622.00,"2018-10-28 17:23:37"
501,1991,27343.00,"2018-10-21 14:08:36"
305,1950,15092.00,"2019-03-09 02:33:53"
331,347,23658.00,"2019-06-29 06:20:41"
331,424,24961.00,"2019-01-25 13:12:07"
1549,628,49372.00,"2018-11-12 20:40:07"
1659,1121,27346.00,"2019-09-26 02:07:16"
450,1004,41961.00,"2018-12-02 11:07:24"
318,512,26914.00,"2019-05-25 10:26:11"
12,937,34554.00,"2019-06-11 20:38:51"
765,1098,4155.00,"2019-08-08 13:04:15"
1893,1806,20747.00,"2019-04-24 10:19:59"
1410,532,45496.00,"2019-09-22 00:32:47"
158,1808,37361.00,"2019-06-04 21:37:42"
813,1996,42445.00,"2019-08-06 06:47:48"
610,1026,4015.00,"2018-12-08 23:43:56"
1768,44,10331.00,"2019-03-26 09:37:09"
295,1753,12601.00,"2019-07-08 03:00:32"
465,1735,45466.00,"2019-06-22 20:22:01"
1967,666,47943.00,"2019-07-01 07:24:01"
1419,217,7025.00,"2019-08-11 03:10:00"
442,1699,17550.00,"2019-07-04 00:20:26"
1841,1814,38566.00,"2018-12-26 02:46:57"
1002,1682,13229.00,"2019-09-27 03:43:38"
805,571,37832.00,"2019-08-31 17:32:23"
827,126,5222.00,"2019-08-17 14:42:08"
221,1558,30858.00,"2019-06-03 04:52:15"
717,1682,13895.00,"2019-01-23 14:57:53"
874,1739,13814.00,"2019-07-04 15:00:52"
496,559,8693.00,"2019-01-03 11:03:10"
45,70,19350.00,"2019-04-09 14:47:23"
1490,413,49714.00,"2019-01-07 07:46:38"
273,25,26808.00,"2019-10-30 19:12:21"
1645,1796,3105.00,"2019-03-26 22:28:20"
38,1189,1604.00,"2019-01-08 19:36:04"
669,1853,14908.00,"2019-10-19 16:26:10"
1071,1967,28263.00,"2019-09-12 21:28:18"
1288,676,9927.00,"2019-09-17 11:19:56"
625,1050,37451.00,"2019-07-10 03:51:58"
72,248,10529.00,"2018-11-21 16:10:48"
1761,386,6215.00,"2019-02-04 05:33:06"
1827,1386,41760.00,"2019-05-17 12:11:54"
1555,1807,26656.00,"2019-06-17 02:46:59"
97,1224,26746.00,"2018-12-11 16:40:16"
322,1389,7754.00,"2019-03-27 15:03:18"
587,848,30810.00,"2019-06-07 05:38:42"
1107,1738,17082.00,"2018-11-16 01:10:46"
393,1852,36454.00,"2019-07-29 09:51:51"
1888,33,30762.00,"2019-06-14 08:19:12"
950,1437,24194.00,"2019-08-16 22:25:19"
1943,1605,33031.00,"2019-01-04 16:08:14"
996,1655,22386.00,"2018-11-18 03:31:16"
1805,481,26912.00,"2019-01-14 07:49:20"
1623,390,35321.00,"2019-08-07 11:47:14"
1220,1606,45776.00,"2019-09-27 16:02:23"
1944,1961,9487.00,"2019-08-06 07:09:28"
1064,288,1345.00,"2019-04-08 05:26:24"
1655,1302,26269.00,"2019-08-31 16:39:17"
698,436,1056.00,"2018-11-09 13:37:59"
368,1000,18680.00,"2018-12-07 15:33:02"
1651,980,46280.00,"2018-10-31 21:48:01"
97,524,12062.00,"2018-11-04 15:44:15"
440,171,39695.00,"2019-09-15 15:12:53"
476,727,43099.00,"2019-09-20 14:39:21"
1846,813,4236.00,"2019-01-31 19:00:59"
193,1468,19197.00,"2019-08-14 04:58:44"
1940,1809,42069.00,"2019-04-09 06:51:55"
1011,625,45176.00,"2019-04-01 22:23:30"
252,687,12123.00,"2019-09-26 05:36:05"
347,807,10697.00,"2019-04-25 04:05:09"
237,1145,5231.00,"2019-01-23 12:36:44"
881,655,22372.00,"2019-04-03 23:01:30"
1490,678,17072.00,"2018-12-04 10:15:35"
770,150,1690.00,"2018-10-18 11:07:22"
1557,1931,18040.00,"2019-03-11 22:48:19"
891,131,49392.00,"2019-02-19 01:46:11"
1751,1708,42179.00,"2019-10-02 17:39:18"
1913,1851,11709.00,"2019-10-26 02:57:13"
333,1912,41819.00,"2018-10-20 13:01:46"
1981,1452,35201.00,"2019-07-26 17:05:23"
415,1873,22503.00,"2019-10-24 16:01:34"
482,179,38888.00,"2019-01-19 01:28:28"
567,934,36320.00,"2019-02-18 10:15:41"
1931,1934,19356.00,"2019-02-19 00:58:02"
1136,695,21171.00,"2019-07-27 09:41:50"
664,1598,37447.00,"2019-08-06 09:36:00"
1322,165,48939.00,"2019-08-25 14:07:37"
1403,508,44437.00,"2019-09-09 02:21:31"
1760,1577,3074.00,"2019-10-08 14:59:02"
251,41,15218.00,"2018-11-29 00:31:44"
740,1695,31800.00,"2018-12-20 02:05:53"
202,1938,18348.00,"2018-10-14 16:43:15"
1356,509,21700.00,"2018-12-29 07:07:28"
198,525,11322.00,"2018-11-07 12:09:09"
266,1449,12182.00,"2019-05-31 20:38:41"
1782,1093,8032.00,"2019-05-30 10:17:29"
1433,1676,40653.00,"2019-08-22 09:35:53"
1500,1866,11385.00,"2019-05-11 18:18:32"
1088,1962,22108.00,"2019-08-29 01:26:13"
1492,1075,21997.00,"2019-02-04 13:26:10"
1272,591,37014.00,"2018-12-21 21:59:51"
1652,1814,41051.00,"2019-01-23 04:53:13"
1542,66,43324.00,"2018-10-17 21:24:47"
558,1580,7815.00,"2018-10-25 08:16:19"
846,47,36082.00,"2019-03-06 21:58:18"
349,602,31638.00,"2019-08-28 21:44:34"
186,802,29735.00,"2019-05-30 13:05:26"
1547,890,13198.00,"2019-05-17 00:26:10"
1497,656,41540.00,"2019-09-07 22:45:21"
1821,643,26761.00,"2018-10-19 08:39:15"
683,1285,27853.00,"2019-04-19 23:10:00"
1773,1887,18485.00,"2019-10-28 03:55:01"
1697,475,41511.00,"2019-06-07 06:17:34"
1381,1825,39350.00,"2019-08-29 18:04:38"
1645,851,35317.00,"2019-07-26 15:42:37"
1737,238,42670.00,"2019-01-06 09:18:45"
1241,86,9416.00,"2019-08-05 01:10:09"
1182,1519,44128.00,"2018-12-10 08:54:14"
1392,459,16833.00,"2019-03-18 01:14:28"
812,1282,15469.00,"2019-04-12 04:49:12"
1715,929,15900.00,"2018-11-05 22:45:41"
1532,507,30641.00,"2019-07-26 16:31:07"
1501,968,29898.00,"2018-11-29 03:02:20"
1072,1214,12648.00,"2018-10-27 07:42:56"
884,201,27852.00,"2019-05-12 17:35:42"
1795,829,5225.00,"2018-10-20 07:37:12"
1265,78,21076.00,"2019-10-21 12:22:00"
823,1210,44947.00,"2019-08-14 17:58:33"
284,307,20451.00,"2019-07-27 02:10:04"
1642,1488,34756.00,"2019-04-24 08:19:21"
600,1714,43159.00,"2019-02-01 13:45:56"
721,1439,41416.00,"2018-12-02 09:00:32"
886,997,29884.00,"2019-09-10 04:46:32"
1263,395,40315.00,"2018-11-15 23:14:42"
397,913,42649.00,"2019-08-21 19:58:34"
1395,989,30895.00,"2019-02-08 17:12:15"
170,1312,7895.00,"2019-02-22 12:45:56"
53,1020,28623.00,"2018-11-04 21:31:21"
1828,435,35087.00,"2018-11-05 05:58:32"
9,986,7525.00,"2019-03-05 23:30:58"
1893,1116,44583.00,"2019-06-28 18:32:33"
1103,599,34474.00,"2019-03-09 15:30:49"
269,1116,25005.00,"2019-06-07 12:37:28"
776,1219,34833.00,"2019-08-13 18:32:40"
1965,791,11326.00,"2019-09-30 11:53:04"
1349,1988,43268.00,"2019-04-09 01:59:03"
831,64,37311.00,"2019-04-27 18:42:06"
1237,1786,30449.00,"2018-11-30 11:39:37"
1050,1996,25403.00,"2019-05-29 07:39:21"
1023,687,49969.00,"2019-09-04 18:55:50"
349,1575,48211.00,"2019-06-10 01:13:17"
1033,1214,19498.00,"2018-10-25 02:46:53"
1837,677,6163.00,"2019-01-04 13:11:59"
483,218,4487.00,"2019-02-26 12:30:55"
1244,645,30685.00,"2019-03-29 17:01:09"
755,1680,49249.00,"2019-03-17 11:20:55"
1765,1401,49189.00,"2019-08-11 23:28:58"
1062,1373,34382.00,"2019-04-30 22:21:28"
725,140,27800.00,"2019-02-24 19:14:25"
1583,864,37184.00,"2019-09-22 19:48:08"
218,792,41033.00,"2019-02-22 20:30:27"
1499,1394,3181.00,"2019-09-10 10:46:33"
1649,1884,33723.00,"2019-09-01 19:35:39"
432,1870,24057.00,"2019-09-08 10:19:52"
1492,297,8661.00,"2019-08-09 04:52:05"
1384,1873,17672.00,"2019-10-27 23:14:27"
1548,1549,32273.00,"2019-07-26 20:41:05"
1315,1883,8556.00,"2019-03-01 21:04:33"
1758,695,42804.00,"2018-10-23 22:28:39"
1081,150,2387.00,"2019-01-20 00:27:03"
14,1992,29459.00,"2018-10-31 23:47:19"
1424,35,36773.00,"2019-01-16 21:28:21"
1975,1106,21998.00,"2019-10-12 14:51:36"
369,922,11859.00,"2019-03-19 17:40:18"
18,500,22809.00,"2019-07-09 23:48:42"
1343,281,13717.00,"2018-12-27 04:23:05"
697,736,27459.00,"2019-03-21 20:40:50"
972,240,3329.00,"2019-07-11 14:17:46"
43,625,44326.00,"2019-07-31 04:47:28"
1467,1462,39339.00,"2019-10-30 00:35:06"
178,37,5806.00,"2019-05-14 04:05:49"
1109,409,42134.00,"2019-04-25 03:39:09"
1487,1391,40955.00,"2019-03-04 15:57:57"
917,1497,47561.00,"2019-03-17 05:02:23"
1904,961,22573.00,"2019-01-26 13:54:39"
95,1409,44006.00,"2019-05-23 05:28:25"
323,1204,47707.00,"2019-07-31 01:33:20"
1340,1312,48374.00,"2019-04-22 02:33:01"
231,355,46198.00,"2019-08-26 22:09:05"
659,1025,6464.00,"2019-02-25 18:46:53"
849,127,33463.00,"2019-02-13 00:18:32"
507,1458,24447.00,"2019-01-10 12:02:58"
1072,1816,1716.00,"2019-06-07 12:49:48"
422,498,37761.00,"2019-08-01 07:57:58"
373,1808,4356.00,"2019-07-06 17:29:02"
1620,125,4800.00,"2019-06-29 15:50:03"
1989,258,46375.00,"2019-02-17 03:17:44"
838,1423,7744.00,"2019-03-15 16:39:00"
1108,1738,10565.00,"2019-08-04 22:15:57"
430,149,40059.00,"2018-11-22 17:45:46"
771,520,47372.00,"2019-10-27 17:09:23"
959,1872,31946.00,"2019-10-23 11:05:34"
