8,894,"Ap #796-435 Eros. Avenue","2019-05-30 04:19:55"
27,1573,"P.O. Box 518, 1456 Non, Avenue","2019-03-05 13:17:41"
28,1029,"P.O. Box 171, 9704 Elementum R","2019-07-27 16:40:48"
37,846,"Ap #640-6897 Rhoncus Road","2019-08-06 02:29:34"
42,645,"180-7888 Purus. Avenue","2019-06-17 21:34:42"
56,1130,"6167 Enim. St.","2019-09-09 18:46:43"
86,1341,"Ap #754-9678 Fusce Rd.","2019-05-16 08:20:15"
147,252,"Ap #243-7340 Elit. Rd.","2019-04-09 16:52:30"
168,405,"P.O. Box 230, 424 Turpis Stree","2019-03-14 19:01:20"
175,699,"496-1586 In Street","2019-10-04 13:00:35"
180,915,"538-4288 Eget Rd.","2019-05-30 18:08:56"
184,289,"Ap #513-2443 Est Street","2019-03-13 22:31:38"
201,1225,"P.O. Box 313, 528 Ornare Ave","2019-04-17 01:38:03"
202,1447,"736-9298 Leo St.","2019-03-08 10:56:32"
208,1742,"5769 Risus, Avenue","2019-03-18 12:06:25"
223,1913,"Ap #497-6232 Eget Road","2019-10-08 13:43:03"
229,1452,"938-8433 Nunc St.","2019-06-11 01:25:29"
231,1605,"Ap #643-5022 Placerat St.","2019-03-18 22:44:14"
234,894,"P.O. Box 672, 4309 Pede Rd.","2019-10-04 07:42:44"
239,1521,"2440 Eros Road","2019-03-19 15:09:10"
273,1893,"2938 Mi. Street","2019-08-01 16:10:28"
280,1665,"Ap #440-8268 Lacus Rd.","2019-02-27 03:28:50"
284,1626,"797 Ornare Rd.","2019-04-27 09:39:58"
291,750,"Ap #617-4190 Sed Av.","2019-03-18 14:54:57"
307,855,"P.O. Box 523, 4159 Hendrerit A","2019-05-05 13:58:14"
309,1093,"509 Varius Road","2019-04-14 08:30:07"
313,944,"3218 Et, Rd.","2019-09-22 14:35:26"
343,820,"262 Fusce St.","2019-10-09 09:09:05"
389,1781,"8971 Diam Road","2019-04-18 16:17:11"
393,612,"Ap #578-9019 Congue Rd.","2019-05-29 21:14:27"
417,1394,"Ap #696-1169 Aliquet Road","2019-04-27 04:02:21"
420,1502,"8048 Vivamus Rd.","2019-06-19 21:02:36"
425,331,"Ap #954-487 Arcu. Rd.","2019-02-26 02:50:29"
435,1632,"P.O. Box 660, 9460 Primis St.","2019-06-02 15:47:36"
449,43,"P.O. Box 812, 2130 Ac Rd.","2019-10-08 23:25:11"
450,603,"Ap #886-9807 Non Rd.","2019-01-26 18:11:39"
457,804,"Ap #794-6871 Vulputate Road","2019-03-25 12:03:12"
461,453,"Ap #710-6288 Elementum Ave","2019-04-10 09:45:59"
475,1673,"5239 Aenean St.","2019-07-18 07:56:41"
481,659,"521-3247 Nec St.","2019-03-30 04:14:40"
483,1020,"170-8150 Sem, Street","2019-06-21 14:56:37"
511,204,"P.O. Box 190, 5695 Taciti Rd.","2019-07-09 20:30:19"
586,284,"Ap #241-9473 Ipsum. Road","2019-01-18 08:54:53"
632,1589,"Ap #711-7328 Adipiscing Road","2019-07-29 02:34:10"
670,412,"125-2611 In, St.","2019-07-10 21:54:11"
671,1982,"807-5756 Urna Rd.","2019-01-28 05:34:18"
681,213,"4283 Parturient Rd.","2019-03-08 05:35:49"
683,888,"P.O. Box 719, 6416 Mi Avenue","2019-03-02 09:50:10"
686,1385,"6838 Vivamus Rd.","2019-06-20 20:26:37"
700,797,"Ap #223-2778 Egestas Ave","2019-07-13 06:42:23"
710,836,"Ap #922-8871 Ridiculus Av.","2019-07-22 18:04:57"
744,1547,"P.O. Box 738, 4118 A Avenue","2019-02-09 03:44:15"
745,1041,"Ap #694-854 Lorem Rd.","2019-06-17 21:27:29"
757,1432,"8637 Odio. Avenue","2019-06-17 11:18:44"
760,857,"P.O. Box 865, 1846 Ultrices Rd","2019-02-19 15:40:29"
764,992,"577 Nam Street","2019-06-09 23:59:48"
775,619,"9596 Dolor Rd.","2019-01-04 14:01:00"
785,1017,"6707 Dictum. Road","2019-03-06 03:12:20"
809,1447,"Ap #590-6755 Ante, St.","2019-05-26 23:27:05"
810,1744,"883-9610 Amet St.","2019-06-09 23:22:26"
832,999,"268-6485 Tempor Ave","2019-09-07 23:50:03"
835,57,"193-2660 Nec St.","2019-06-13 14:27:05"
867,1011,"P.O. Box 763, 7144 Phasellus S","2019-01-12 00:53:02"
874,1806,"3176 Elit Rd.","2019-01-26 12:53:52"
887,476,"Ap #800-1751 Diam St.","2019-08-26 02:45:18"
892,149,"536-9240 Etiam Ave","2019-07-27 05:39:28"
896,1606,"310-7734 Enim Street","2019-07-16 03:02:55"
926,1140,"Ap #174-9028 Gravida St.","2019-07-03 05:54:04"
934,1553,"6643 Pede Ave","2019-04-27 05:38:27"
943,217,"Ap #872-2242 Dignissim Avenue","2019-06-15 07:05:35"
973,1512,"P.O. Box 148, 7930 Ligula. Rd.","2019-06-13 06:58:46"
979,1136,"Ap #611-2089 Sagittis. Street","2019-08-19 00:17:27"
1000,22,"P.O. Box 859, 7310 Risus. Rd.","2019-07-29 21:24:16"
1010,2,"Ap #838-9493 Libero Rd.","2019-08-07 06:55:47"
1014,1664,"2606 Sem Avenue","2019-04-21 10:31:44"
1067,1649,"Ap #810-9916 Cras Rd.","2019-03-02 01:51:08"
1081,1478,"8005 Augue St.","2019-07-19 07:10:08"
1092,1307,"270-2849 Cras Av.","2019-05-19 07:37:45"
1101,365,"P.O. Box 954, 4850 Odio Ave","2019-06-07 07:15:03"
1103,1414,"1375 At Rd.","2019-07-21 17:43:39"
1120,159,"P.O. Box 647, 6961 Augue St.","2019-02-28 00:00:31"
1123,767,"422 Lacinia. Avenue","2019-06-23 00:48:05"
1129,966,"P.O. Box 867, 1136 Urna St.","2019-03-29 16:18:49"
1130,1776,"670-8673 At, Ave","2019-09-20 04:53:46"
1136,1615,"P.O. Box 240, 8781 Tincidunt S","2019-02-14 07:43:47"
1151,1126,"4478 A, Rd.","2019-03-05 00:40:10"
1174,1269,"P.O. Box 476, 1291 Arcu. Rd.","2019-03-30 15:51:58"
1188,1661,"P.O. Box 660, 8959 Ipsum St.","2019-08-10 00:09:33"
1207,1832,"Ap #828-8140 Molestie St.","2019-06-20 22:58:09"
1212,1460,"Ap #904-7841 Nisi Road","2019-09-29 22:29:38"
1217,656,"687 Vivamus St.","2019-08-07 03:57:39"
1243,73,"698-436 Nunc Avenue","2019-05-06 02:26:51"
1274,1410,"Ap #439-3797 Nullam St.","2019-03-15 21:27:10"
1275,875,"P.O. Box 260, 300 Risus. St.","2019-09-13 04:10:03"
1279,684,"Ap #877-8252 Malesuada St.","2019-02-03 11:53:54"
1296,1208,"3609 Duis Rd.","2019-04-20 22:03:28"
1299,763,"872 Et, Av.","2019-03-02 07:04:26"
1314,1511,"3758 Vivamus St.","2019-02-21 06:27:38"
1332,1159,"5997 Nullam Ave","2019-08-19 17:42:54"
1374,1726,"5845 Montes, Rd.","2019-02-22 03:49:18"
1378,512,"Ap #879-5019 Non St.","2019-07-03 08:34:43"
1412,1943,"P.O. Box 327, 2353 A Rd.","2019-09-04 07:26:13"
1426,231,"P.O. Box 270, 6847 Id Av.","2019-07-30 19:25:14"
1445,690,"805-7462 Arcu. Street","2019-06-19 18:54:39"
1471,1061,"148-6957 A Road","2019-02-04 21:47:00"
1472,776,"P.O. Box 105, 9210 Cubilia Rd.","2019-09-08 10:37:21"
1493,1893,"Ap #598-4916 At Road","2019-04-17 15:06:09"
1494,1632,"Ap #972-5550 Egestas Street","2019-04-14 15:15:49"
1503,1131,"P.O. Box 957, 793 Enim. Road","2019-07-21 19:49:19"
1523,384,"Ap #238-4929 Nunc Rd.","2019-03-28 18:47:25"
1524,1204,"Ap #151-7528 Egestas. St.","2019-04-15 23:39:54"
1552,627,"229-9387 Diam Street","2019-04-27 20:26:03"
1596,1019,"3762 Mus. Road","2019-07-27 08:06:00"
1601,443,"Ap #242-7018 Mauris Av.","2019-09-24 09:16:39"
1603,936,"8346 Felis Ave","2019-01-22 13:21:14"
1619,1513,"5378 Iaculis St.","2019-05-25 22:54:09"
1665,1109,"319-3593 Accumsan Av.","2019-01-18 03:57:36"
1668,773,"7277 Justo Ave","2019-04-04 05:52:31"
1689,124,"649-4338 Risus. Ave","2019-09-11 10:41:17"
1695,1964,"4885 Non, Rd.","2019-04-27 18:02:53"
1703,1152,"219 Malesuada St.","2019-02-15 13:40:22"
1719,1828,"914-882 Aliquet Rd.","2019-04-13 01:48:12"
1727,1503,"P.O. Box 786, 9639 Mi Street","2019-07-04 00:55:58"
1756,119,"P.O. Box 709, 9170 Non, Street","2019-01-24 07:24:05"
1762,622,"268-8047 Aliquet Road","2019-10-12 12:54:11"
1774,125,"Ap #434-970 Duis Avenue","2019-03-23 15:12:33"
1789,895,"Ap #120-3132 Donec Street","2019-06-17 04:15:43"
1793,47,"922-5946 Augue. Road","2019-09-02 06:57:16"
1795,1870,"707-2339 Ut St.","2019-03-15 00:01:13"
1796,211,"P.O. Box 246, 8297 Lorem Stree","2019-03-04 17:11:32"
1831,131,"Ap #623-7142 Ultricies Avenue","2019-01-19 20:15:34"
1840,441,"Ap #963-1107 Adipiscing Rd.","2019-04-29 04:00:08"
1863,1346,"Ap #228-1575 Eleifend Av.","2019-01-30 13:06:39"
1864,1522,"Ap #802-441 Amet Avenue","2019-04-01 21:33:53"
1874,656,"674-2078 In Av.","2019-06-21 08:34:53"
1877,693,"9850 Ut, St.","2019-02-18 03:47:36"
1899,166,"P.O. Box 708, 1397 Orci Rd.","2019-10-03 16:25:07"
1903,1218,"P.O. Box 977, 6028 Lorem Stree","2019-01-22 04:23:55"
1909,1257,"735-614 Donec Street","2019-06-23 21:32:21"
1912,904,"P.O. Box 945, 2550 Et St.","2019-05-12 11:15:50"
1924,379,"Ap #255-3459 Vel, Rd.","2019-04-30 06:34:55"
1938,1368,"192-8960 Nunc Rd.","2019-09-04 09:18:09"
1968,92,"Ap #831-4085 Egestas, Ave","2019-05-03 10:17:29"
1990,1703,"734-2145 Enim, St.","2019-06-15 08:30:49"
