1,1007,"556372 415865 7836","2016-07-24 18:50:40"
2,1641,"5164156027934901","2012-02-06 09:26:32"
3,1285,"537 11987 97630 946","2016-11-30 15:09:54"
4,19,"5222706014899671","2018-06-04 09:15:45"
5,112,"5217019109480531","2015-07-04 00:14:53"
6,1946,"535223 4006505059","2015-07-12 01:10:42"
7,278,"5372192888966870","2018-05-06 14:43:09"
8,1598,"550514 1831004743","2016-09-07 20:27:03"
9,1632,"5370028108963218","2011-08-08 11:24:07"
10,694,"5150 8453 2333 7829","2015-08-06 04:21:23"
11,620,"528460 4884435582","2014-12-15 02:29:26"
13,792,"556 08156 53389 017","2012-11-27 19:08:01"
14,359,"525 25634 41221 588","2013-04-07 16:53:29"
16,1706,"533 90410 29734 030","2015-05-25 04:25:22"
17,437,"558144 852106 6081","2014-01-23 06:29:40"
18,1167,"552 02295 24919 813","2018-03-25 15:59:18"
19,758,"528 68989 23374 632","2017-04-29 09:31:24"
20,815,"5424 8989 3196 5176","2011-01-12 15:13:09"
21,211,"5497092214877744","2011-02-26 22:27:14"
22,583,"547459 2560089551","2011-08-15 06:12:17"
23,798,"5308459091743902","2018-04-19 17:31:49"
24,1919,"541432 9964244406","2014-07-30 06:15:09"
26,1255,"513351 054296 3837","2017-01-22 13:43:51"
27,1252,"5443 0178 5862 4305","2011-05-10 13:33:52"
28,1551,"533282 135910 9607","2013-09-25 10:24:22"
30,1645,"548851 7911570342","2013-10-19 20:26:09"
31,244,"542638 4040709878","2018-10-30 05:29:19"
32,806,"545988 5581865879","2017-03-21 07:37:26"
34,231,"513 26567 73083 968","2018-08-24 21:25:20"
35,1278,"5453 3892 3239 5481","2013-03-02 17:56:11"
36,1065,"5398943018590455","2012-08-09 17:32:31"
38,737,"5311671003352912","2013-12-23 21:16:05"
39,1429,"531 61298 62567 810","2013-07-30 18:15:14"
40,512,"547676 8950605895","2016-08-14 12:18:20"
41,101,"5599 6933 4180 5560","2017-03-14 20:56:59"
42,1222,"5424234969980988","2012-03-18 19:12:28"
43,434,"558351 838048 0686","2018-06-07 17:12:18"
44,843,"553 97013 37716 684","2014-02-10 18:45:48"
45,1827,"550 03558 79640 730","2011-05-07 05:37:34"
46,528,"520 75334 66603 370","2017-06-15 19:29:38"
47,1426,"553336 7494405358","2016-11-19 19:13:00"
48,260,"5477335771473686","2016-11-02 20:34:43"
49,1671,"5525816475837674","2011-10-15 04:17:41"
50,1505,"5312 7226 7185 6269","2018-08-05 04:07:58"
52,307,"519993 939062 3857","2018-07-16 17:29:08"
54,1846,"521221 805314 3112","2013-01-20 20:33:57"
55,188,"537955 482924 6188","2013-06-14 16:36:54"
56,444,"542442 300671 7988","2014-04-28 20:16:53"
57,1626,"530564 8448063245","2017-04-13 11:51:22"
58,1408,"519529 6173429810","2015-07-31 20:05:04"
59,1045,"5418663070915772","2015-11-14 08:19:54"
60,253,"5349 7490 3472 3008","2017-08-14 20:06:30"
61,1343,"559298 4573883202","2013-10-19 00:50:51"
62,1646,"519 49387 14611 445","2016-07-25 08:44:47"
63,377,"5225802994381066","2014-12-27 10:53:50"
65,117,"527566 4474492550","2011-05-25 07:41:06"
67,54,"524316 9257184282","2013-03-24 22:49:53"
68,870,"5137587699115540","2012-01-15 13:25:51"
69,105,"526805 123568 8495","2011-02-19 11:11:24"
71,683,"5175247029628638","2017-10-15 06:48:43"
73,468,"548496 227673 3503","2012-04-02 19:04:16"
74,1636,"536191 6450250039","2016-08-23 19:36:31"
75,429,"527088 0600361791","2014-02-27 06:23:54"
76,1753,"5178 3578 6250 1672","2017-10-02 07:45:51"
77,46,"517 59931 91339 930","2014-02-14 07:31:53"
78,763,"543622 117450 3495","2014-02-20 03:25:23"
79,1647,"5113186006785802","2015-03-19 13:29:46"
80,1304,"523916 355833 4924","2011-09-23 13:20:06"
81,1526,"555334 8189016531","2018-02-17 22:59:28"
82,985,"5556098495595994","2011-04-20 18:15:49"
84,1455,"522 11633 82659 322","2015-06-18 00:48:16"
85,1957,"511 96012 33167 792","2018-08-27 20:28:07"
86,777,"555 59213 55576 567","2012-06-03 06:17:51"
89,1065,"520 38897 38908 631","2013-12-09 00:52:50"
90,14,"523525 0276082440","2013-08-05 23:13:02"
91,1425,"5246603804705535","2016-08-21 09:04:43"
92,477,"5500591502054812","2012-02-20 11:24:06"
94,1881,"5111457078116289","2011-05-10 17:02:16"
95,621,"534 39794 06878 975","2017-04-19 04:00:59"
96,1088,"5466375739806786","2015-12-30 21:40:36"
97,1420,"5192689783670596","2018-11-12 13:31:33"
98,1739,"510 26245 43618 782","2016-12-23 22:57:27"
99,478,"512 71728 91808 036","2015-08-19 07:22:43"
100,859,"540436 520756 4566","2018-10-14 18:34:23"
101,1799,"513917 928798 6421","2016-01-23 07:30:44"
102,1374,"536923 377620 0728","2015-08-24 03:32:12"
105,1083,"529507 163067 7221","2012-06-26 19:00:41"
106,1765,"521905 625622 2595","2016-11-12 03:30:37"
107,992,"5525566312945855","2016-10-08 04:20:24"
109,268,"5353 1643 9049 8620","2011-06-03 19:14:30"
110,19,"5228279634620202","2011-09-13 08:47:30"
112,1396,"5390 6914 5827 3250","2015-10-06 07:12:59"
114,812,"5304 3001 9815 1835","2014-06-08 13:01:14"
115,1636,"5335631750700913","2012-10-15 06:20:28"
116,454,"528966 211100 0491","2012-08-31 21:47:51"
117,1611,"559123 3486603294","2016-10-17 05:50:36"
118,1506,"5581844833560359","2016-01-19 09:47:43"
119,742,"531551 945393 7805","2015-12-12 07:17:06"
121,1478,"533210 553633 6220","2013-06-17 21:36:53"
122,1920,"5326 7721 2072 2814","2018-07-13 06:53:08"
123,946,"5323 9154 4090 2565","2012-03-07 06:39:01"
125,1663,"5554522929368761","2017-01-11 11:00:13"
126,381,"5560006865757486","2013-10-17 16:05:10"
128,1492,"5373 0662 3332 6809","2013-11-16 10:05:08"
130,1682,"554815 5936625797","2015-02-18 04:40:51"
132,1729,"5436 4597 2276 0932","2015-08-29 00:35:59"
133,1991,"538587 885704 3312","2013-04-18 02:11:09"
134,247,"555138 623890 1610","2016-10-05 08:38:51"
135,1175,"559445 043609 7297","2013-09-05 01:33:21"
136,1195,"5203422504891201","2011-09-09 22:28:19"
137,1423,"5525557071398881","2016-12-16 14:15:57"
138,1239,"5291 6587 4376 1670","2012-02-29 17:05:08"
139,1681,"559 16479 41639 454","2015-04-12 01:42:55"
140,303,"551 11491 02679 913","2018-10-24 02:23:21"
141,1863,"525550 280157 9679","2011-04-30 11:38:14"
142,958,"520594 5674716244","2018-04-23 07:59:25"
143,908,"541563 728350 0319","2011-10-07 17:14:27"
144,311,"556 30533 96753 920","2012-09-20 07:03:02"
146,311,"5312802411248090","2011-12-27 08:24:35"
148,1238,"5374 0233 0075 0717","2012-06-24 22:42:15"
149,955,"525 68289 41306 189","2017-09-15 08:55:06"
150,897,"526746 1294043568","2016-11-02 18:37:52"
151,1636,"558824 4319514892","2016-06-23 21:43:18"
152,1844,"511940 6030121293","2014-10-17 17:05:54"
153,1011,"5364 0957 6170 4773","2012-08-01 12:47:18"
156,461,"514 97160 69916 304","2017-07-11 10:00:37"
157,1642,"515996 208760 0044","2015-12-25 07:32:02"
158,1587,"510285 481236 6629","2016-09-20 14:53:56"
159,1651,"5483 1876 4032 7383","2012-07-09 17:23:15"
160,1221,"519849 260191 7693","2016-02-20 03:04:31"
161,66,"5289 8611 5932 5170","2013-07-17 15:04:03"
162,215,"559 38122 66219 625","2014-04-21 22:22:39"
164,47,"536241 7872811366","2014-05-15 23:49:51"
165,1396,"553 28023 58987 803","2016-05-27 00:39:09"
166,4,"552750 798527 9048","2011-09-06 18:48:21"
168,1589,"536 51269 49851 647","2014-11-07 02:15:58"
169,1309,"559025 616341 4025","2013-10-11 06:00:59"
170,344,"557328 670395 3605","2018-02-12 10:56:02"
172,293,"533 87490 22774 685","2016-02-12 13:12:08"
173,1484,"5118975905303377","2016-07-22 16:36:47"
175,1115,"553499 169659 6034","2016-02-19 16:12:08"
176,1562,"556 41923 06323 389","2016-11-01 06:51:40"
177,973,"5350937581467626","2017-05-24 00:34:27"
178,863,"548435 698502 4405","2011-08-03 15:24:04"
179,642,"5418 5195 1169 7140","2011-02-08 12:23:42"
180,1731,"539 89598 75732 568","2014-09-27 23:56:41"
181,1000,"5560 3014 0812 0270","2014-02-07 16:36:47"
182,452,"510932 5772820783","2011-05-09 08:40:57"
183,935,"537670 9928452383","2014-03-27 08:34:30"
186,342,"5227 5815 6312 6668","2018-07-14 10:18:22"
187,1491,"5212 7617 6435 0559","2014-01-02 20:17:26"
188,821,"534 57015 87688 298","2015-08-20 22:59:35"
189,568,"5594138153189757","2011-10-09 15:33:33"
191,58,"5593 9157 5148 5716","2017-07-18 19:20:12"
192,701,"547183 5081226613","2012-01-09 07:35:47"
193,1888,"558593 1645288174","2014-03-04 19:15:30"
194,1596,"5317 2945 0568 7141","2014-12-08 01:06:33"
195,860,"5255 6368 9355 7415","2014-08-29 15:30:11"
196,688,"5522822342108680","2014-08-25 18:38:11"
197,1729,"518 35345 93074 376","2014-12-08 16:30:48"
199,1920,"5545385191313077","2017-11-29 13:51:06"
200,1572,"559484 8312631370","2015-10-09 15:25:30"
201,297,"5200284684466185","2011-04-18 21:29:08"
202,1167,"5314 6852 0672 3346","2017-07-31 00:57:38"
203,346,"519732 024903 1760","2011-08-02 03:58:15"
205,1377,"541884 9363598959","2012-04-03 13:43:52"
206,926,"518485 2262232987","2014-03-01 13:01:46"
207,1426,"5360221241164602","2012-06-26 06:52:07"
208,585,"5384310843451251","2013-10-22 08:09:05"
210,156,"537651 725717 4969","2013-01-24 18:38:42"
212,49,"558278 611187 8988","2012-05-19 20:07:35"
213,710,"5224 6474 5590 2996","2017-10-11 08:44:37"
214,44,"5395 0672 3018 3650","2013-02-28 05:52:10"
215,896,"528 53344 81134 649","2013-05-31 16:21:15"
216,753,"5163977917437015","2014-07-24 04:52:35"
217,1440,"555 82613 72603 582","2011-12-09 14:13:06"
218,1808,"5586705134356315","2012-05-02 04:07:04"
219,1168,"5494 4875 4930 7727","2014-03-22 01:51:42"
220,650,"555746 792601 0510","2011-02-02 00:23:00"
221,1383,"529285 5810671118","2015-06-17 08:07:02"
222,1443,"558 99146 84689 532","2013-04-05 05:21:57"
223,1934,"5577419373648512","2015-09-18 11:17:17"
224,260,"528299 094132 4956","2016-02-10 02:57:39"
225,536,"533 98018 39811 173","2014-04-28 18:49:17"
226,1974,"540291 3234996749","2015-06-08 22:25:20"
227,1880,"545 45423 68489 747","2015-11-16 05:50:09"
228,1404,"5244 2802 4234 5760","2018-02-08 17:47:48"
230,134,"542583 088709 7877","2013-01-12 22:08:32"
231,1387,"5506225908310965","2013-01-18 05:18:26"
232,800,"538 57070 30198 356","2017-12-01 09:38:19"
233,896,"5140 4383 7410 6237","2014-01-08 08:37:33"
234,1689,"545 86961 61486 189","2012-05-20 15:52:47"
235,1411,"5136 6970 7119 6009","2017-12-20 11:44:22"
236,88,"5181298702272618","2013-10-09 14:26:02"
237,1396,"5452030987355095","2017-07-29 04:59:34"
238,658,"520528 7963585018","2011-10-12 00:36:35"
239,25,"513608 3355558398","2015-12-04 16:38:23"
240,1241,"535409 431423 2392","2011-12-14 06:13:42"
241,693,"531783 6197908340","2013-02-12 01:54:39"
242,874,"552585 5946484963","2015-12-06 06:12:09"
243,29,"553333 1795927080","2012-01-17 06:31:38"
244,934,"5448099464119081","2015-11-20 22:45:56"
245,1401,"516184 967099 9378","2014-05-10 14:59:24"
246,1979,"532677 797476 1180","2018-01-16 02:12:52"
247,1774,"541674 933536 7891","2015-07-07 04:18:13"
248,1233,"5543 3541 1072 0640","2016-09-05 03:31:56"
250,1611,"517925 4801641298","2012-11-19 06:35:27"
252,503,"522 64631 70216 029","2015-07-01 11:50:44"
253,90,"5212 0072 7061 1328","2013-03-03 03:34:21"
254,321,"537213 341250 0652","2017-04-09 17:41:28"
255,800,"5298572718492927","2012-09-06 04:26:21"
256,1338,"5254 8362 8794 0133","2013-04-13 15:33:35"
258,753,"551 95984 47572 260","2015-07-23 09:25:46"
260,188,"517385 3487207021","2018-01-15 06:22:47"
261,654,"556 20073 14873 906","2014-05-15 07:18:49"
262,1885,"5161 7967 5460 4962","2012-03-10 00:35:06"
263,1621,"526460 125325 0281","2011-12-16 18:44:55"
265,625,"5140181582736086","2016-10-10 00:10:32"
266,1287,"5520425287340730","2012-12-11 13:49:28"
267,968,"510 07983 65857 777","2012-03-06 05:38:35"
268,1032,"5449 2597 2474 3273","2015-01-05 17:19:47"
269,1299,"5108 2674 6498 2862","2016-04-30 21:43:46"
270,1965,"518513 540912 6331","2018-03-17 22:59:58"
271,1577,"5110 1514 3491 0763","2016-12-18 13:35:12"
273,1897,"5281 8514 8846 7825","2015-08-27 18:11:14"
274,1541,"516534 679523 8788","2017-06-06 00:33:38"
275,338,"550112 715121 6557","2011-08-16 09:14:55"
276,865,"544 41342 49215 385","2013-08-22 08:46:15"
278,1480,"518 74243 59155 328","2012-05-08 09:16:41"
279,417,"534410 0484875481","2016-01-22 07:24:23"
280,803,"533 32192 33791 923","2018-08-23 04:06:13"
281,75,"540 41133 00013 143","2016-08-03 10:05:11"
282,1425,"5239264034803274","2013-12-16 03:35:16"
283,536,"5588 5215 5705 0436","2015-02-11 05:45:24"
284,366,"528585 856576 4012","2018-09-24 04:46:36"
285,1005,"525866 008858 5632","2017-09-25 16:17:49"
286,760,"527635 1565053371","2018-09-25 02:10:13"
287,212,"510748 6733088365","2014-04-10 10:41:57"
288,680,"5282902522874382","2014-01-21 10:48:26"
289,698,"5526 9905 1911 7978","2017-12-01 19:02:08"
291,154,"547639 792104 6425","2012-02-02 04:20:22"
292,996,"547094 104578 8424","2013-07-05 18:58:27"
294,131,"5235 3186 8591 2240","2016-01-30 11:20:44"
295,1828,"536154 5352415638","2012-01-05 17:47:06"
298,1890,"558 35918 45612 292","2018-05-14 17:24:27"
300,163,"515040 419923 7901","2014-11-29 09:02:57"
301,1533,"5401 0148 6809 5824","2015-06-23 10:27:32"
302,1390,"536147 7576645644","2015-11-26 19:44:40"
303,1867,"554699 043079 3242","2015-10-19 22:30:25"
305,1242,"534373 1653405287","2013-05-30 18:46:28"
307,1390,"524473 6725772341","2016-08-11 18:49:54"
309,1859,"518527 7395913486","2013-06-28 02:00:29"
310,398,"5253130225125465","2013-03-11 18:32:53"
311,378,"522 54950 02516 235","2018-11-29 15:25:10"
312,1750,"5396004953815746","2018-02-02 03:12:55"
313,1125,"514928 190740 8519","2011-10-30 07:39:21"
315,1416,"5354 4303 3946 0354","2011-08-17 22:30:34"
318,1053,"519 24814 92927 123","2015-10-23 18:30:08"
319,1523,"518678 1654358647","2014-08-04 02:08:56"
320,223,"517557 2942901519","2014-08-29 01:01:13"
321,1960,"512226 9162661261","2013-12-26 23:54:29"
322,15,"5307477933937798","2018-12-06 10:22:32"
323,277,"5200994023034680","2011-03-22 01:23:27"
324,1434,"527 96999 32726 468","2014-10-23 04:07:01"
325,1041,"5504516106956670","2018-12-30 08:51:44"
326,844,"553840 0102002989","2013-08-09 17:27:37"
327,250,"5556240315642529","2017-04-17 00:30:55"
328,206,"551405 747184 2821","2012-04-11 15:29:38"
330,731,"519 50671 08807 622","2012-12-31 13:34:45"
331,1674,"5206 6067 1197 6147","2018-07-17 02:25:44"
333,1176,"5450 1944 5099 2875","2011-09-11 13:33:22"
334,462,"5473 6237 9352 4873","2016-06-12 03:26:00"
335,1391,"541 88428 10050 096","2014-04-11 11:40:39"
338,235,"538502 8653447081","2011-03-01 08:06:33"
339,1256,"524820 2938132779","2014-11-08 22:06:58"
340,816,"5282536986883222","2012-04-19 07:49:58"
341,536,"553644 139312 6253","2017-02-12 22:31:33"
343,1577,"5503 5247 3534 1125","2016-07-07 14:50:21"
344,159,"5274504716439905","2017-08-03 18:49:27"
346,1259,"547 71460 77698 151","2015-06-13 15:46:42"
347,905,"513579 509819 1721","2014-06-11 02:02:33"
348,1029,"5386571889448091","2018-10-01 14:41:46"
349,727,"544088 8361454221","2017-09-21 15:04:36"
350,1472,"512297 6740299493","2014-03-28 06:32:24"
351,1402,"535 08381 97409 632","2016-07-07 04:19:37"
352,398,"5575155567503400","2016-12-30 02:45:18"
353,989,"539102 6067470170","2014-04-01 06:20:14"
354,1524,"533 74682 62838 750","2013-09-04 10:19:29"
355,366,"544226 935192 9555","2017-04-22 14:06:21"
356,1754,"536 12473 65516 060","2011-10-15 16:01:28"
357,1920,"559 14310 85711 472","2015-03-15 02:44:50"
358,1392,"5124 3564 2719 9308","2014-04-28 00:33:36"
360,1164,"556140 3351732819","2017-05-16 10:59:05"
362,809,"544 04458 34856 365","2011-03-22 17:52:53"
364,687,"5503470509983801","2015-11-01 16:06:57"
365,270,"5565 2818 0637 4171","2018-03-21 12:11:54"
366,572,"542426 775558 5108","2014-04-29 09:53:09"
369,221,"540 89098 90450 322","2018-05-18 06:19:18"
370,848,"5117880975498969","2016-11-17 04:53:08"
371,1677,"518001 407760 3308","2012-05-21 22:18:00"
372,1372,"5153196457969772","2017-01-08 18:07:53"
373,1713,"5511594214881677","2015-01-17 01:16:32"
374,967,"514222 419024 1467","2012-11-14 15:42:01"
376,1068,"5256 4630 2012 7627","2014-06-13 03:49:39"
378,1661,"553503 6223824746","2017-02-16 16:49:48"
379,1163,"5465 6060 1845 5650","2017-09-12 03:25:36"
380,606,"5242950578277900","2015-08-11 15:34:31"
381,634,"5143653516055269","2013-08-03 06:05:10"
382,1099,"515691 076013 0378","2017-09-07 21:47:20"
383,1743,"517868 7075403310","2016-06-12 22:43:26"
385,1212,"5144904355899450","2018-10-11 02:34:54"
386,379,"525 03794 87796 918","2017-10-08 02:22:52"
387,622,"5474661348884409","2014-04-21 00:35:32"
388,1540,"511814 691967 6071","2016-06-17 14:27:57"
389,404,"5133234422757801","2015-07-20 15:02:03"
390,1431,"534036 499118 3516","2018-05-26 02:34:08"
391,1665,"5274 3255 4137 8757","2018-12-03 02:56:24"
394,1080,"558 56523 79685 688","2016-12-28 12:47:02"
395,748,"550 88614 31867 952","2015-06-20 00:47:29"
396,1783,"5546 5216 7107 5575","2015-04-30 05:05:34"
397,473,"514 75081 96780 287","2017-04-18 20:53:01"
398,1047,"5153 9377 1619 8004","2013-07-22 17:05:54"
399,773,"526 67870 93802 635","2016-05-09 17:25:19"
400,362,"5461694024038177","2015-02-27 19:17:50"
401,75,"514177 839897 9831","2018-04-13 14:01:13"
402,1203,"5598 7745 7306 4109","2014-08-14 04:12:41"
403,955,"520 57930 14205 027","2015-06-03 22:27:23"
404,610,"5106018709979110","2012-01-03 23:30:16"
405,421,"534533 3225913944","2013-01-18 16:25:43"
406,843,"5149112277223107","2011-08-04 06:09:38"
407,932,"5265 1486 2875 4760","2017-06-09 05:00:58"
408,589,"518 02646 51713 557","2018-06-16 03:48:42"
409,769,"552897 266202 1601","2018-09-14 14:14:20"
410,773,"547491 2363008717","2013-03-27 11:22:09"
412,603,"523208 1719636408","2014-09-09 19:41:07"
413,1786,"517073 582313 8536","2015-06-12 03:54:51"
414,301,"512 75740 20581 089","2016-02-20 08:00:31"
415,1173,"530511 2351130475","2016-04-28 04:31:32"
416,1658,"546436 7088598926","2013-12-06 13:13:18"
417,1828,"5125555621129776","2013-08-29 17:00:33"
418,550,"5434 7266 1395 0422","2017-03-29 20:52:45"
419,303,"5393762196841422","2015-01-04 20:28:58"
420,414,"522 44061 99163 492","2013-06-16 17:43:04"
421,1617,"510523 4780537955","2018-07-19 23:56:35"
422,1050,"5483659894013802","2018-12-14 15:22:49"
423,673,"5292 5140 8855 1920","2011-04-27 11:57:06"
424,153,"521 92144 93339 009","2011-10-12 17:25:57"
425,1198,"533443 8368990014","2013-03-13 13:29:38"
426,654,"5238091705672279","2013-06-23 03:17:58"
427,375,"555855 529496 0230","2012-05-11 12:49:08"
428,1050,"542491 2845193534","2014-10-16 14:36:24"
429,1956,"523 97106 45465 093","2013-08-28 15:29:16"
431,1153,"5197 4296 2566 7293","2016-09-06 15:27:20"
433,274,"527051 176242 9247","2015-12-07 02:41:17"
434,876,"5217 1213 1332 8124","2011-12-03 04:55:24"
435,1965,"5342795479422819","2013-10-08 00:02:56"
436,582,"512857 520107 7945","2018-03-07 12:41:10"
437,1526,"558311 332629 3847","2018-04-03 21:26:07"
438,177,"5183736181786762","2011-01-03 05:23:00"
439,100,"512071 4369271390","2013-03-03 16:50:32"
440,1312,"5163273146371583","2015-06-03 02:39:34"
441,1050,"554621 0123014479","2011-03-30 16:22:59"
442,953,"5541 4864 4145 7211","2018-05-03 02:41:48"
443,1559,"545 25789 37470 505","2011-08-05 21:51:44"
445,1765,"541582 463503 5711","2018-06-26 14:03:14"
446,1146,"539 15728 38980 781","2017-01-07 15:16:40"
447,1221,"5514454957589077","2018-11-08 16:20:27"
448,955,"5183598173674459","2016-05-18 16:23:14"
450,1352,"5234 6300 9943 8880","2014-12-17 06:19:05"
451,497,"558851 8242290484","2011-10-24 09:09:58"
452,820,"545398 200748 6871","2018-04-15 22:01:40"
453,1478,"526137 7742920197","2012-06-10 12:37:26"
454,69,"5472156039395122","2015-11-23 10:16:04"
455,1452,"533 00807 83692 264","2013-07-22 00:54:37"
456,712,"525053 556671 9887","2011-02-06 21:36:56"
457,1740,"528702 1689235967","2012-09-19 02:06:10"
459,1945,"5370938290190034","2016-05-12 02:16:46"
460,1917,"547088 9065019503","2013-01-04 05:32:57"
461,224,"546679 900106 4966","2014-01-31 23:37:12"
462,439,"545489 666098 8339","2012-06-26 13:58:25"
463,639,"5405875400096223","2012-01-07 11:44:19"
464,978,"548 99042 70340 286","2015-04-18 04:58:27"
465,1740,"525389 545797 3309","2014-12-14 10:48:12"
466,1553,"529600 208812 7574","2018-01-17 17:29:27"
467,490,"550 25220 86197 881","2016-09-07 07:04:14"
468,305,"555040 457799 8542","2011-11-27 09:12:50"
469,638,"5438 2193 9440 2249","2013-11-20 11:55:38"
471,1532,"544915 9147278602","2014-09-30 18:51:27"
472,1073,"5544 7959 4200 2319","2017-09-26 06:37:31"
473,1696,"5438 0179 3172 8328","2011-11-11 17:44:32"
474,4,"5107 3300 9488 1747","2016-10-25 07:50:24"
475,1348,"523 51925 39908 781","2016-11-26 17:55:20"
476,1271,"5521 6914 4450 4257","2014-09-30 04:44:00"
477,1566,"5564647613212328","2012-06-25 03:12:15"
478,1953,"522538 165145 1207","2013-05-04 02:58:12"
479,230,"559 15164 29686 065","2016-01-02 12:51:51"
480,1624,"5294750313857843","2012-09-03 01:02:33"
482,931,"531650 953997 8021","2018-12-21 11:31:40"
483,675,"512 49149 56273 694","2016-07-29 13:10:15"
484,53,"530 47602 67130 681","2017-11-19 19:16:55"
485,1580,"535 88848 61266 595","2015-07-21 12:56:12"
488,1410,"515280 3488631849","2017-04-15 15:50:14"
489,956,"5284 1190 9632 5554","2017-05-01 08:59:51"
490,879,"522297 2732588513","2014-06-05 04:55:38"
491,1633,"5525278319836018","2015-05-09 01:51:14"
493,1638,"541 46093 24187 803","2018-03-04 22:06:00"
494,897,"530187 1877269612","2018-09-10 11:50:18"
495,1030,"545639 554732 5094","2013-09-11 17:57:14"
496,1323,"523758 3604053735","2011-03-13 07:32:46"
498,344,"5319981062863259","2015-02-17 05:04:23"
500,858,"5328 4889 0358 9365","2015-01-16 11:47:01"
501,1241,"5572432811598780","2016-10-05 09:33:30"
502,20,"5295675075275463","2017-12-24 14:08:56"
503,1519,"540 83271 34058 886","2014-07-24 13:05:57"
504,743,"523 74303 60774 320","2012-10-05 07:37:52"
506,768,"532441 477074 9001","2014-06-22 23:43:13"
507,460,"5272 3899 7871 4803","2013-01-07 18:28:40"
508,1321,"541002 132666 0072","2016-03-14 07:01:13"
509,1952,"511 14951 80556 158","2016-11-04 18:59:13"
510,179,"5488919783376255","2017-07-22 03:04:12"
512,1236,"514058 115619 2295","2014-12-05 22:49:03"
513,905,"554348 4626781503","2018-05-11 19:16:04"
514,789,"513276 9007020597","2012-08-12 13:33:29"
515,90,"5419063701747430","2011-01-30 08:14:44"
516,170,"527 46052 60089 655","2012-05-02 15:18:50"
518,1263,"529462 634208 7281","2015-06-26 05:49:57"
520,1497,"538713 053766 1057","2017-07-27 18:23:01"
521,29,"5435 5489 6142 8192","2016-04-13 23:26:06"
522,1266,"545 91213 88322 074","2013-08-21 07:14:04"
523,1314,"559716 637507 4173","2016-02-15 04:33:41"
524,1242,"526425 247974 1602","2016-12-22 08:16:14"
525,1476,"548 08345 91207 857","2012-05-12 10:38:41"
526,752,"5432 1374 8251 6090","2017-11-23 08:16:34"
527,1645,"557176 927733 4072","2014-05-06 04:52:36"
528,1214,"5363199015044175","2016-10-13 22:02:50"
529,1983,"5279107275823553","2014-06-04 00:04:42"
531,257,"542887 174847 5503","2013-10-13 19:59:12"
532,20,"5147029034451742","2017-08-29 00:25:25"
533,564,"5345675346777966","2013-03-07 17:26:08"
534,935,"543436 861345 8641","2011-04-28 05:30:32"
535,13,"5165123553213976","2014-05-22 12:42:49"
536,1787,"5244 0560 9576 4863","2015-01-22 19:47:43"
538,1383,"526373 614303 3298","2018-08-25 18:56:20"
539,103,"5574 3107 4396 9055","2011-06-28 19:44:56"
540,400,"544334 5943709025","2012-11-15 19:35:20"
542,346,"513 10842 41254 973","2016-04-22 21:14:58"
543,842,"517621 8551785970","2011-02-16 08:51:25"
544,106,"552 22288 63296 286","2016-09-15 13:40:58"
545,1498,"548682 378641 1352","2015-03-30 17:52:45"
546,1584,"5583 8813 6631 0750","2018-03-18 09:15:28"
547,965,"5381 8576 3403 6827","2014-04-22 13:10:49"
548,772,"5586241744279465","2016-07-17 05:54:35"
549,620,"5506756091666839","2018-11-23 18:04:43"
550,1598,"5287007128993530","2016-10-17 01:34:43"
551,1864,"543665 109220 4091","2013-02-10 20:48:08"
552,986,"559578 0176382460","2018-11-05 13:12:50"
553,331,"540 46308 42355 427","2011-02-25 02:46:32"
554,740,"5583 3473 4286 3973","2011-06-23 12:24:37"
555,152,"5219 6328 5312 4374","2018-02-07 10:19:58"
557,1796,"521140 563560 6523","2013-11-12 03:46:38"
558,1353,"549075 8146184766","2013-01-19 09:51:24"
559,795,"553 33851 80945 503","2012-05-21 21:25:41"
560,416,"5420229090405958","2018-07-29 00:26:19"
561,1516,"521912 229988 6513","2015-05-10 00:08:37"
562,242,"5535 2498 6003 4772","2013-07-18 08:27:28"
563,724,"5292 9365 8283 7747","2013-12-10 13:34:18"
565,1638,"5189046483178740","2012-02-13 07:41:30"
566,1438,"520155 912325 5425","2017-10-28 18:46:38"
567,591,"558879 232748 4334","2012-02-01 18:21:02"
568,1258,"521 65676 33218 463","2018-02-03 12:44:56"
569,1109,"536 51317 43443 708","2013-05-24 14:45:45"
570,811,"554821 196739 0858","2012-08-04 16:33:35"
571,1143,"557527 154068 1492","2018-02-01 22:49:39"
572,1870,"5381 3215 2749 3140","2015-09-12 15:44:27"
573,1374,"556 85250 03494 399","2011-02-28 21:56:54"
575,1675,"5325541486621733","2014-05-09 23:07:53"
576,361,"528 83595 24671 130","2011-11-13 08:12:51"
577,1100,"544 94008 89085 742","2017-03-10 19:26:18"
578,1532,"516838 909837 5151","2016-02-28 17:28:53"
579,867,"551257 1229707039","2017-12-22 18:54:33"
580,1989,"538 76884 34012 518","2016-05-16 01:03:45"
581,108,"5177 2612 5808 9436","2018-10-09 10:46:04"
582,1808,"528481 952186 6755","2014-01-05 01:39:30"
583,520,"534396 1594348144","2011-06-09 22:09:12"
584,54,"5220046718362805","2018-01-03 18:13:37"
585,96,"520212 9640457778","2016-04-08 17:10:37"
586,1908,"545 70331 77092 721","2017-05-09 10:45:23"
587,1168,"559515 9676188711","2011-02-20 08:53:13"
588,45,"521765 9794651019","2016-11-05 05:46:15"
589,1954,"517 32400 36694 752","2016-07-03 03:41:08"
590,1197,"5217 7336 7705 2692","2016-10-16 02:28:42"
591,14,"531631 412079 5086","2017-03-18 09:20:49"
592,1947,"558934 8631988624","2018-09-02 21:13:19"
595,999,"554629 784427 8582","2015-06-24 23:04:49"
596,1421,"5293 0872 3292 8905","2015-08-31 17:47:29"
597,1196,"513515 806185 2029","2018-02-23 20:42:21"
598,210,"5590 0701 7019 0282","2013-02-11 07:54:37"
599,410,"5424 0042 9716 2132","2017-03-21 03:01:59"
600,52,"522955 129123 6087","2015-10-21 05:52:32"
602,1621,"5388904967381728","2011-08-10 21:42:12"
604,341,"5119 2107 8304 7329","2018-11-16 19:43:14"
605,461,"544882 769283 4844","2016-07-02 03:28:18"
606,1265,"5359585422584207","2014-12-10 20:50:57"
607,1790,"5255 7072 2205 5460","2018-10-30 13:40:31"
608,731,"544 61589 53069 926","2017-12-30 03:57:41"
609,1488,"513010 417121 2832","2014-05-15 11:49:48"
610,537,"5210 5458 7929 0905","2018-07-30 21:11:40"
612,1692,"520191 7918112856","2011-03-03 04:15:03"
613,1692,"5579 9419 8249 1487","2017-07-18 18:57:55"
614,1471,"530140 3122307011","2016-04-17 18:24:20"
615,618,"5324464273253191","2015-08-23 00:37:00"
616,151,"552 83311 16023 293","2015-02-25 01:54:41"
617,394,"545913 2282262480","2016-12-23 13:10:05"
618,215,"515161 2944903127","2011-05-03 21:19:51"
620,83,"539996 6205772205","2011-03-14 03:19:13"
621,1303,"514378 588377 3957","2013-01-03 23:41:01"
622,819,"511 90852 13820 598","2016-10-30 02:29:42"
623,781,"535949 9853806511","2015-03-04 07:06:27"
625,1257,"5346 7762 3388 9648","2011-12-14 01:56:45"
626,1240,"516 75690 41164 171","2018-06-17 10:56:19"
627,1342,"5267491132670249","2016-11-13 09:45:27"
628,570,"548510 3823680611","2011-12-25 09:07:03"
629,1657,"547744 3960199425","2012-06-09 16:12:24"
630,151,"5162 2092 5843 4935","2015-03-13 05:09:00"
631,1570,"5508 7099 9930 3433","2014-09-16 09:56:00"
632,1454,"525995 910716 5262","2014-10-06 21:14:45"
633,1988,"515167 745169 7982","2015-03-24 06:02:06"
634,1883,"527 36289 23643 982","2015-06-13 07:24:16"
635,1077,"5334 5700 7138 4216","2016-12-23 23:16:27"
636,1714,"554199 227280 2276","2012-03-31 18:11:19"
637,1983,"5427166334051797","2018-09-26 15:55:03"
638,120,"5534 5791 8213 1869","2016-12-14 18:03:39"
639,975,"5569887093760157","2012-09-22 20:08:47"
640,1642,"5483719235387487","2012-12-15 18:47:41"
641,1913,"526456 2276878328","2013-04-13 04:46:37"
642,106,"550 49971 32203 222","2017-07-12 09:39:45"
643,117,"5398 3744 2633 7158","2017-12-27 18:56:20"
644,361,"547531 207066 6585","2016-10-09 04:43:13"
645,1296,"5223 3518 7745 3065","2011-01-02 11:00:41"
646,1393,"558476 3573586316","2013-02-16 13:34:09"
648,1879,"510358 0418047300","2013-07-30 18:28:59"
650,906,"5409 0120 1623 4222","2018-12-07 13:24:56"
651,1183,"524 91267 45406 721","2017-05-26 17:23:23"
652,1630,"514210 7948586103","2011-09-07 19:37:52"
653,1655,"5466 0221 2755 9516","2013-05-18 21:23:07"
655,211,"5405365269540503","2014-02-13 16:30:16"
656,1990,"553711 594709 9765","2017-04-05 12:34:52"
658,193,"547454 7731665820","2013-05-01 13:10:42"
660,641,"557186 9559210568","2012-02-29 18:08:27"
661,1833,"551923 1969975311","2016-05-31 17:11:16"
663,1138,"5207753745861769","2016-12-10 02:41:29"
664,1354,"5268648105845285","2017-07-14 12:45:44"
665,1402,"540923 9219470887","2015-11-14 06:36:40"
666,1913,"512121 386817 8122","2018-07-27 01:14:02"
667,835,"529429 4617602480","2017-09-14 15:44:47"
668,158,"525394 355046 9112","2018-05-25 20:12:51"
669,1457,"536658 4990858995","2015-07-20 16:12:46"
671,1799,"550 65462 53306 989","2015-11-11 18:59:17"
672,278,"536651 864030 4216","2011-06-30 05:43:09"
673,1491,"536738 0994464792","2013-04-01 00:12:49"
674,1547,"521935 0205080562","2014-05-01 22:10:01"
675,1429,"537 06890 23420 640","2014-07-23 06:53:09"
676,831,"5180 7717 6221 4507","2014-04-07 06:40:50"
677,343,"527 78822 80454 386","2017-09-09 14:16:11"
678,1842,"519301 5769571328","2011-10-17 13:00:55"
679,1001,"525 47684 94099 157","2013-02-19 09:43:05"
680,767,"5342 7661 1707 6838","2012-10-07 03:32:27"
681,884,"554001 2170004619","2013-03-07 20:48:00"
682,192,"5226329435537964","2014-09-11 03:27:49"
683,1924,"5413443984472151","2014-07-29 16:10:11"
684,287,"531 32818 56509 952","2011-06-13 05:12:05"
685,1280,"551 10632 76408 837","2013-04-06 12:26:54"
686,386,"526229 7176511438","2015-02-16 17:15:43"
687,472,"510965 079991 1905","2011-10-04 17:18:39"
689,138,"535242 1560272966","2018-05-31 05:11:04"
692,1175,"510626 1209630128","2015-07-08 09:35:45"
694,82,"541954 396475 1195","2016-11-12 01:38:50"
695,990,"5402 5832 1680 0431","2014-03-21 22:58:23"
696,819,"555450 0644931915","2016-07-26 01:07:55"
697,1349,"529023 074033 6681","2014-02-22 14:05:59"
699,212,"521618 4092277095","2013-09-13 07:39:06"
700,1190,"5553792640265361","2015-06-19 11:30:44"
701,91,"534002 4298257294","2014-03-18 19:08:24"
702,671,"542979 695707 4094","2013-12-04 15:53:18"
704,655,"5330141230613467","2012-05-22 10:43:50"
706,159,"549126 033370 2376","2011-07-18 13:39:22"
707,1830,"546 61356 37362 534","2011-07-29 00:40:54"
708,1512,"5435 8254 0133 9779","2014-08-30 13:43:35"
709,256,"5414184742031397","2014-10-17 18:31:18"
711,451,"520677 1992086600","2015-06-04 04:14:34"
712,1980,"5327996394053569","2018-10-01 10:39:46"
713,1015,"511 76555 86351 827","2017-07-11 10:25:42"
716,136,"541737 603548 0664","2011-08-03 14:01:23"
717,1554,"5543536769927175","2015-05-10 21:07:23"
718,249,"5522100409404866","2016-12-12 05:49:39"
719,762,"532968 2425878228","2011-11-28 01:19:41"
720,1392,"5599 1306 2648 6824","2011-01-08 15:40:50"
721,1694,"515 77886 32598 041","2018-12-22 20:59:41"
722,1704,"521539 6433784651","2018-07-20 16:52:15"
724,799,"5356 0948 2233 3177","2015-12-12 23:32:38"
726,995,"510 76804 58978 905","2012-06-08 09:26:59"
728,45,"526290 5195748050","2013-03-22 19:30:05"
729,1141,"525878 9388548816","2012-06-25 16:31:58"
730,1920,"5356 1308 7341 4100","2014-08-26 15:31:56"
731,1044,"5116502478379089","2017-10-26 03:01:17"
732,572,"5150055620742339","2012-07-09 05:25:45"
733,1193,"557409 3953741097","2017-04-03 09:58:56"
734,47,"5453449166539296","2016-10-15 03:33:07"
735,745,"543466 0260017492","2017-09-05 20:51:45"
736,294,"510599 051010 7795","2014-12-01 14:45:41"
737,196,"5214 9650 1278 6245","2017-07-02 05:26:41"
738,1812,"534 99754 75262 723","2011-07-24 22:20:26"
739,306,"5507 9467 0789 6537","2016-04-12 03:25:04"
741,1135,"5432384529414067","2014-08-28 17:56:30"
742,942,"551 68658 88023 746","2011-05-13 18:17:24"
743,165,"5117635813798669","2011-03-22 09:20:10"
745,1147,"523172 6900561846","2014-09-14 04:17:46"
747,299,"521755 807093 5056","2011-10-17 00:03:18"
748,402,"523722 410281 2914","2018-11-28 10:42:37"
749,126,"5102 9381 3780 9932","2013-10-14 16:20:04"
750,1755,"5231 1197 0456 9431","2014-12-03 15:22:50"
752,996,"558155 5366806668","2018-09-01 18:50:51"
753,7,"519 50943 58571 732","2016-05-24 03:44:49"
754,1305,"5350629075301979","2017-11-29 17:43:46"
755,1329,"527166 9320846051","2013-01-23 01:42:12"
756,142,"537 36712 87885 392","2013-03-25 04:28:30"
757,1325,"5394 6898 2924 9567","2015-08-21 08:10:43"
758,562,"5157941713418460","2017-10-31 18:41:38"
760,1985,"5578857484754910","2015-12-18 10:42:22"
761,896,"549 97110 98055 683","2018-06-10 03:55:19"
765,108,"555037 7718007375","2017-11-15 22:24:30"
766,142,"5221 7580 1952 1256","2011-01-08 04:17:27"
768,1951,"548 82069 88471 705","2012-11-21 17:19:59"
769,973,"559452 6955068791","2015-06-05 04:30:28"
770,1158,"549 45904 55458 374","2012-10-09 20:54:33"
771,644,"515387 755972 8303","2011-09-29 19:32:35"
772,855,"5485 0946 0360 1440","2017-02-15 04:46:02"
773,1500,"5500 7001 0095 5623","2015-09-16 05:49:25"
774,1405,"516435 938833 6373","2011-10-03 16:55:41"
776,1668,"5563364206372235","2013-04-27 10:07:45"
778,811,"553022 6365700326","2015-08-17 06:39:39"
779,257,"5314936771044554","2013-02-11 15:23:35"
780,1795,"5453421332050722","2011-04-14 11:02:46"
781,370,"5402 2079 5604 9997","2013-10-25 20:10:06"
782,1735,"531 70186 98582 979","2012-07-13 13:49:31"
783,1939,"549 33540 13932 565","2015-07-01 15:32:02"
784,1118,"5582553786586654","2013-03-03 18:07:20"
788,167,"5276233501215191","2012-02-04 23:42:17"
790,1134,"5255628203772552","2011-05-29 11:36:56"
792,863,"529 84709 19026 265","2011-12-07 22:23:46"
794,1127,"5558 7665 4011 9055","2012-06-12 13:28:54"
795,854,"515106 860757 6678","2018-09-24 17:36:28"
796,1750,"547 16351 69796 135","2017-06-04 23:30:16"
797,1867,"516 06110 03676 557","2013-06-15 14:52:42"
798,350,"556323 0304149462","2013-10-01 05:34:31"
799,938,"517205 620095 7390","2013-01-17 16:59:14"
800,762,"537887 198888 5668","2018-12-25 08:30:15"
801,1822,"527 10298 56285 010","2018-07-17 05:46:53"
803,319,"5431 2603 0694 6466","2016-03-23 03:36:23"
804,591,"5323 8173 2788 7762","2016-08-27 08:31:49"
805,1214,"5102638534183572","2015-01-28 14:31:01"
806,1288,"557982 1886061331","2012-08-13 21:00:51"
807,1097,"5117862613544628","2015-09-10 05:09:18"
808,821,"546109 361338 2676","2015-09-07 11:54:04"
809,896,"544830 3915815796","2014-08-02 01:33:53"
812,117,"5161 3423 2059 9590","2013-10-21 20:45:14"
813,1275,"518 67104 68859 375","2012-02-05 01:27:23"
814,1182,"542983 2416957098","2013-10-09 20:07:28"
815,167,"537440 5311820938","2013-02-14 23:20:55"
816,1621,"548658 742325 1626","2017-05-24 10:32:15"
819,1922,"5232 4122 9956 6006","2011-12-12 15:23:46"
820,575,"5329448843999032","2018-07-13 10:51:11"
821,620,"547331 506292 5465","2016-10-28 13:14:46"
823,1042,"5170737491306635","2015-10-17 23:35:20"
826,1424,"5557463406863783","2015-09-05 15:19:19"
827,806,"558965 933692 5004","2018-06-18 18:49:52"
828,1570,"559028 193089 8037","2011-03-13 05:41:03"
830,742,"5370682286881970","2011-09-04 07:58:43"
831,722,"5133 1886 7689 0280","2018-05-04 04:17:09"
832,1490,"524957 2816292617","2012-03-06 10:15:37"
833,237,"544 98256 47774 684","2015-02-19 12:50:09"
834,1594,"510917 250472 1560","2016-10-03 03:23:55"
835,1278,"5559658458632337","2013-08-27 00:42:47"
836,1677,"5498787906426465","2015-11-09 03:49:19"
838,27,"544820 7877132118","2018-03-19 14:36:38"
839,1789,"527586 3329825804","2015-10-21 00:25:39"
840,532,"546444 3093749943","2011-01-16 14:27:52"
841,1143,"5241600824391291","2015-03-13 05:30:22"
842,919,"539989 110065 3161","2011-04-02 12:56:08"
843,1613,"5132 4728 4080 7482","2014-08-30 14:17:05"
844,64,"5519547913606136","2012-07-31 11:08:41"
845,922,"525 89410 39491 850","2014-10-17 10:18:10"
846,983,"555763 3775444858","2016-07-08 06:00:43"
848,1550,"546 22678 24993 724","2014-05-15 11:03:51"
849,321,"5391661756834821","2017-03-29 15:02:15"
850,1606,"544427 417570 2970","2018-06-11 05:15:37"
851,308,"5188125835905140","2018-06-06 02:02:36"
852,1642,"5225416656634421","2017-08-09 00:54:55"
853,1751,"5530847946231968","2017-11-06 15:16:08"
854,231,"5345051213760354","2018-03-12 13:56:39"
855,1855,"516 69783 35959 934","2014-02-28 02:40:57"
856,1082,"531 02662 22472 962","2016-01-13 01:15:51"
857,85,"5103507879780483","2018-06-08 10:18:18"
858,1810,"553853 9776657485","2011-08-25 09:05:01"
859,1886,"558445 9002362821","2015-09-09 12:33:52"
860,1371,"5228866537031550","2012-10-01 19:57:58"
861,1757,"555571 3854220213","2013-11-05 06:21:55"
862,1820,"518 98962 45666 253","2016-10-16 09:04:03"
863,1001,"5531511878786428","2018-06-05 05:05:14"
864,1458,"547369 270874 1369","2011-10-30 13:21:01"
865,508,"511260 938322 7453","2011-02-13 12:48:53"
866,1032,"546502 949860 6710","2013-09-30 12:35:46"
867,1700,"556053 026957 1342","2017-12-30 08:17:55"
868,1486,"5565 8756 0020 5331","2015-06-27 09:49:24"
869,1368,"550 98161 28796 715","2011-10-04 09:05:02"
870,1378,"5150 4010 2310 9918","2016-07-29 12:31:15"
871,1571,"5562 0845 7947 4969","2017-08-25 05:47:49"
872,1541,"529205 1471618883","2016-06-29 03:18:18"
873,714,"541221 475899 3248","2013-08-10 03:27:17"
875,1044,"5541740841867753","2011-02-06 09:25:47"
876,1216,"5123401485587449","2013-02-06 05:20:51"
877,1682,"5389847518569011","2015-09-21 19:21:30"
878,1136,"5440 5700 6717 8375","2017-06-15 08:48:03"
879,1600,"5209 4488 4422 1282","2012-05-10 08:19:40"
880,1181,"528 39810 36057 634","2015-10-27 06:07:53"
881,1460,"5511 2441 3360 0572","2014-03-16 09:30:53"
882,1759,"521 99243 65709 945","2017-10-31 08:49:45"
883,1506,"530232 600632 8994","2012-02-11 05:38:33"
884,1500,"5285 5535 6879 4666","2017-11-21 10:06:19"
886,1596,"546 08565 26888 679","2018-03-02 23:28:54"
887,1964,"550415 039978 6048","2012-07-23 16:41:49"
888,425,"557905 4442160948","2016-05-04 19:04:28"
889,1539,"549279 6976532801","2018-02-26 02:28:00"
890,485,"5186 7508 3769 9706","2013-07-05 07:32:46"
891,1011,"531135 8461386414","2016-07-05 02:57:01"
892,1061,"535940 162970 7148","2011-08-05 02:12:48"
893,13,"511 48696 92922 305","2012-02-01 17:23:57"
894,1152,"5444804292836028","2012-10-04 02:31:12"
895,708,"5586254597931496","2011-11-01 07:15:08"
896,1025,"541245 2863200642","2012-03-25 21:54:33"
898,820,"543 14613 19920 379","2014-12-30 12:40:40"
900,1517,"519713 4750226838","2016-09-10 11:52:59"
902,973,"5146 9516 3945 2281","2013-08-04 11:09:40"
903,780,"553734 5574364212","2014-03-26 09:49:45"
904,721,"547 07593 38872 170","2016-12-21 16:00:56"
905,751,"535204 603747 6245","2018-04-01 16:24:31"
907,38,"5165748739285157","2011-06-05 00:26:18"
908,58,"530040 7148829289","2018-01-22 16:11:38"
909,378,"5507178175433839","2013-11-10 06:57:36"
910,863,"5459 1328 5292 8163","2014-05-27 03:08:57"
911,273,"538416 032820 0941","2017-06-20 10:41:49"
912,456,"523 39433 02215 370","2012-06-24 07:49:43"
913,1965,"5320 9519 6610 1616","2018-06-18 16:46:25"
914,1771,"547 34180 96541 843","2012-09-24 05:28:09"
915,516,"513 05807 89099 895","2011-12-03 16:37:00"
918,1588,"5138 5879 2277 3353","2016-12-02 04:18:22"
920,31,"546176 255611 9416","2014-01-03 23:39:53"
921,713,"512177 843725 1378","2017-11-06 16:02:18"
922,496,"525 63266 78852 624","2012-02-01 18:28:18"
923,14,"5406212537954448","2017-06-24 10:48:12"
924,1009,"548328 0422589450","2012-01-20 05:04:10"
927,553,"5427 6296 4109 7712","2011-11-21 03:21:33"
928,787,"5518 4059 4210 3925","2011-06-11 03:13:19"
929,1781,"554250 3588678554","2014-02-13 07:03:13"
930,898,"542 75176 02451 079","2012-08-21 22:39:10"
931,1159,"5395 0899 8270 5316","2017-10-28 04:32:50"
934,1004,"5276567671975203","2015-01-22 05:35:19"
935,1285,"536682 2172042602","2012-10-24 14:12:32"
936,39,"5451741175078940","2016-12-19 03:27:22"
937,957,"539206 958621 4140","2018-11-08 17:52:21"
938,1826,"558 86598 14154 771","2012-08-20 23:54:41"
940,628,"542970 5494926625","2017-04-27 03:31:00"
941,15,"534 61323 58563 149","2018-01-15 09:59:48"
943,133,"5201 5404 8064 2884","2014-12-16 21:28:32"
944,297,"520140 315442 4347","2018-04-01 17:25:06"
945,28,"5578125416289573","2011-03-04 18:27:09"
946,520,"510461 6402619842","2011-04-02 15:01:48"
947,641,"546 92249 47335 740","2013-07-25 07:38:53"
948,710,"554 29469 04123 849","2016-12-16 23:57:48"
949,115,"5388584441961475","2012-10-11 09:17:29"
950,530,"5307 4581 2832 4828","2013-10-05 12:52:30"
951,1164,"513106 9573005697","2014-08-18 00:37:11"
952,1748,"513151 561747 2152","2011-01-17 15:29:16"
953,46,"536 65334 80427 878","2013-10-19 22:49:57"
954,1115,"5490 4381 9146 5507","2018-03-01 04:52:25"
955,1555,"543373 576801 5288","2012-05-14 11:20:53"
956,1235,"5580594792939349","2017-11-27 21:07:19"
957,151,"530595 4419540652","2013-01-30 03:25:48"
959,1923,"540510 8198850753","2015-07-08 20:36:12"
960,636,"534063 757561 8399","2015-01-28 22:23:04"
961,1675,"5535803324988211","2017-11-12 14:31:18"
962,484,"536331 0757650877","2017-05-15 17:39:47"
963,1913,"5235836235571208","2015-06-04 23:20:13"
964,788,"5319 4448 8141 9944","2011-06-10 09:27:28"
967,67,"529763 4123309970","2011-08-22 20:55:35"
968,730,"5551196826980334","2016-02-17 06:34:12"
969,1821,"539 26576 13713 264","2015-05-21 18:29:24"
970,581,"554379 3163035515","2011-02-18 15:16:51"
971,1165,"5348 8091 2295 0557","2014-09-25 20:18:18"
972,290,"529434 0526965755","2018-11-17 08:15:05"
973,490,"5261 5811 1116 6940","2016-04-20 23:58:11"
976,1410,"553 61690 36544 430","2017-01-07 23:35:46"
978,1376,"557 15554 06313 164","2018-06-14 03:14:33"
979,1352,"5150 6054 3617 9090","2014-06-13 21:35:46"
981,1141,"530664 318752 8085","2014-03-21 02:03:57"
983,1106,"531430 015702 4310","2011-12-28 20:35:54"
984,608,"554 25114 97678 797","2018-11-04 08:58:30"
986,410,"550631 782372 4360","2014-06-04 00:44:54"
987,1946,"5520 2167 4181 1345","2014-09-06 23:10:13"
993,1361,"531327 064945 0780","2011-03-06 02:01:11"
994,42,"5588404533811827","2012-10-07 05:00:25"
995,1718,"516819 5947454877","2013-07-14 01:39:45"
996,150,"5594 0381 0776 1794","2013-05-28 01:24:28"
997,475,"555156 9630891824","2017-12-31 15:15:04"
998,200,"534 65540 39724 602","2013-05-31 19:22:48"
999,1549,"5155 1105 0820 7080","2017-03-23 01:45:50"
1000,360,"5527 0582 4420 4013","2012-12-01 22:10:54"
1001,320,"557917 213282 5263","2017-01-13 02:17:42"
1002,1289,"5433 6225 9915 8828","2015-12-08 05:56:30"
1003,1737,"5223834850471865","2018-11-14 17:23:19"
1004,939,"5559330314332839","2014-10-23 07:03:40"
1006,1291,"5268 4039 3294 5084","2017-01-06 05:44:00"
1007,900,"539312 7662298210","2012-05-20 03:02:58"
1008,1981,"557508 1870026337","2012-08-02 09:28:42"
1009,1258,"540 38238 22532 567","2011-01-02 08:14:56"
1010,1370,"518482 828879 5447","2014-04-24 09:20:38"
1011,180,"550521 532848 7163","2015-06-09 16:29:17"
1012,728,"5416 9566 2549 6591","2015-10-25 11:22:08"
1013,1802,"5528120607129523","2013-09-25 05:56:57"
1015,666,"5489140476912616","2016-03-02 23:19:26"
1016,376,"5170 8933 0029 9535","2011-03-26 00:11:29"
1017,1449,"554236 8302695668","2015-10-23 12:48:54"
1018,175,"520767 7563936421","2011-10-03 10:38:26"
1019,394,"5273 7277 9599 9504","2011-10-25 00:52:58"
1020,1135,"5351389630985688","2012-07-15 13:27:13"
1021,824,"529 97585 62656 852","2013-12-02 04:02:32"
1024,1552,"5473 4122 6528 3105","2015-03-06 17:27:55"
1028,709,"546 31090 11422 043","2017-08-19 00:21:02"
1029,829,"5484611904386719","2017-12-19 02:56:30"
1030,1827,"5148005991272353","2011-06-02 09:25:16"
1031,1510,"515579 555623 2566","2014-12-30 13:46:15"
1032,256,"526 08653 68265 484","2018-12-29 15:37:53"
1033,1604,"5257505461857929","2013-03-17 16:30:38"
1034,445,"539057 5009470152","2016-02-01 00:48:17"
1035,926,"552506 339941 9004","2016-01-29 13:29:59"
1036,6,"522812 326840 5227","2014-02-21 23:15:33"
1037,405,"529628 1453536516","2012-05-22 06:07:19"
1039,238,"547 32143 46486 321","2015-10-16 12:07:46"
1040,1621,"556814 469790 6310","2011-04-07 13:56:00"
1042,588,"5590111437265408","2011-06-01 15:47:12"
1043,747,"5208005885766129","2016-09-03 19:04:54"
1044,220,"519809 3165311487","2013-04-15 16:32:28"
1046,1412,"537 01389 70519 418","2012-07-14 19:51:40"
1047,1819,"555 70895 27182 256","2014-02-16 03:54:48"
1048,130,"554477 718056 1628","2014-07-01 04:55:06"
1049,1671,"5393 8708 6718 2255","2014-09-25 19:04:34"
1050,699,"524926 5187312979","2015-11-01 09:06:31"
1051,1483,"557293 8814527196","2013-08-17 12:11:32"
1052,478,"553489 0900718691","2016-04-30 11:20:29"
1053,832,"5218 1327 7933 3531","2017-11-10 01:02:39"
1054,672,"523 29819 86804 888","2016-08-30 20:50:48"
1055,977,"554044 333615 2929","2011-04-16 09:26:47"
1056,342,"532022 0507947170","2018-10-08 09:43:24"
1057,1351,"5287134585192453","2013-06-27 06:41:17"
1058,1137,"534263 099109 1323","2015-02-09 22:30:04"
1059,248,"5299 6947 1861 5668","2013-12-26 23:28:19"
1061,600,"522 66671 04619 377","2014-08-09 02:06:05"
1062,1795,"510 30121 01316 081","2014-07-23 07:46:48"
1063,372,"558 72977 80976 892","2014-07-13 21:40:44"
1066,135,"5367 8938 5669 6681","2014-05-30 19:48:45"
1067,1371,"5518111444923345","2012-01-30 09:24:37"
1068,1961,"539 32505 38319 802","2016-08-09 03:03:02"
1069,743,"541009 741006 2532","2012-01-23 17:01:16"
1071,1607,"547795 0790930183","2016-02-12 16:17:49"
1072,954,"511 04167 32785 518","2015-12-13 03:25:20"
1073,132,"5474860511101084","2014-03-01 05:42:10"
1074,105,"521088 472285 3308","2012-06-29 03:49:00"
1075,148,"5274161603233519","2017-06-22 08:00:30"
1076,1265,"538 07233 77924 564","2011-03-28 01:36:53"
1077,474,"553 58181 03181 150","2015-04-03 23:44:21"
1078,450,"527329 537377 5233","2015-11-07 11:03:43"
1079,133,"531464 716892 5913","2012-04-19 23:37:36"
1080,577,"529484 113465 5308","2016-12-14 17:42:54"
1081,1835,"5387 7528 9963 4156","2018-07-12 20:26:52"
1082,1579,"542016 2674177216","2014-09-23 06:30:56"
1083,1825,"5226111357035734","2012-04-06 08:29:17"
1084,1680,"5397 7768 5148 1205","2014-11-23 20:56:59"
1085,1717,"546 45126 48728 642","2018-10-22 21:37:58"
1086,1421,"524 83309 72654 240","2014-07-04 03:37:28"
1088,343,"548713 292663 1955","2017-11-13 17:16:49"
1090,1961,"540178 600202 2745","2013-10-23 10:06:52"
1091,1497,"556 16748 40831 624","2013-07-05 22:56:37"
1092,1476,"555490 0852043975","2014-02-01 08:27:12"
1093,519,"531644 1418535500","2015-08-26 00:11:09"
1094,1616,"5501311787975204","2012-05-18 15:48:18"
1095,130,"522057 3659123995","2016-07-28 10:28:26"
1096,974,"528 91748 42340 634","2011-07-23 15:40:42"
1099,1048,"556582 0965549907","2018-12-07 10:13:15"
1100,1643,"5542 2817 8652 5972","2017-03-28 10:46:23"
1102,175,"5458 5249 2456 3054","2014-08-28 10:44:25"
1103,143,"544247 156900 3542","2018-10-17 00:31:03"
1104,718,"5597 3739 2434 9680","2018-12-27 14:46:39"
1105,1805,"5321341592165103","2012-01-13 07:30:43"
1106,258,"512 13574 06767 001","2013-08-18 04:42:00"
1107,1395,"526 29763 42078 220","2015-04-06 22:05:13"
1108,834,"546904 4425002475","2017-01-18 18:16:34"
1109,1954,"554701 180198 9795","2016-01-03 13:52:30"
1110,1375,"5556 0193 4712 8818","2015-03-21 02:16:34"
1111,1922,"549758 5471069749","2013-07-18 00:42:34"
1113,1691,"523702 5421314023","2016-02-23 16:15:21"
1114,1046,"532 60208 91789 087","2011-12-09 20:52:06"
1115,406,"5152 0686 9656 5656","2015-12-20 22:24:00"
1116,189,"5332 3623 3978 5752","2016-08-20 14:14:25"
1117,414,"553 86062 64560 727","2011-03-19 11:30:53"
1119,780,"5520977172606922","2014-11-10 08:54:17"
1120,1921,"544574 4850195749","2016-02-10 04:33:35"
1121,1374,"5423198166788596","2011-03-11 06:45:44"
1122,833,"520938 6044087428","2011-11-04 20:04:19"
1123,962,"533225 071446 3477","2016-01-23 01:57:33"
1124,1239,"548234 079350 4032","2011-06-15 01:20:40"
1126,1428,"5424 6456 6005 7679","2014-12-20 15:05:55"
1127,225,"5194371844367409","2015-11-29 07:58:32"
1128,713,"515226 1070966224","2015-07-03 07:45:21"
1130,317,"515 50230 93869 711","2018-08-18 14:32:00"
1131,1589,"5237200194190575","2017-11-17 14:19:53"
1132,426,"514 05907 20617 380","2017-09-03 10:16:33"
1133,1109,"548 34495 76638 435","2018-11-01 02:18:09"
1134,198,"511354 9941919150","2011-09-28 22:58:13"
1136,740,"5181491139378112","2015-11-01 09:22:52"
1137,1628,"512036 9767909222","2013-05-13 09:23:26"
1138,1139,"5514 6940 2409 3666","2017-01-03 18:40:45"
1139,453,"536565 323594 9702","2014-01-22 02:34:05"
1140,981,"5403 5289 7004 1598","2011-10-11 09:15:30"
1141,1690,"5556812566753005","2014-09-02 17:37:45"
1142,808,"531593 2853768441","2013-02-16 23:29:51"
1143,1863,"5159 8710 3720 4486","2016-12-16 16:03:05"
1144,589,"5205583311291162","2016-10-01 16:03:13"
1147,1420,"522 90630 37721 455","2011-12-15 12:32:56"
1149,1370,"536530 5238350509","2018-04-12 18:19:20"
1150,81,"512 84071 63851 630","2017-11-07 05:11:49"
1151,1275,"518446 6638973008","2018-09-30 15:32:37"
1152,1127,"534213 6412375725","2017-06-28 21:36:19"
1155,1407,"553 96335 24979 637","2014-04-24 00:50:27"
1156,1246,"535722 9208995145","2012-06-28 21:02:13"
1157,163,"5570 9788 2162 3911","2011-02-03 11:51:33"
1158,1537,"5462880218299159","2015-11-04 22:16:40"
1159,788,"524861 6734276565","2015-10-26 17:49:43"
1160,1490,"542 85222 26189 799","2018-02-18 07:12:08"
1162,1316,"542 19724 66477 189","2014-04-29 01:03:04"
1163,1977,"553 22548 73505 498","2012-08-19 12:40:04"
1164,1758,"5134207786279918","2018-11-07 15:53:36"
1166,622,"539311 9917225684","2016-08-20 04:22:58"
1167,1343,"5203540221475980","2014-08-28 22:50:08"
1168,372,"5403065546041091","2015-01-06 11:25:45"
1169,545,"551 96875 68018 284","2017-09-28 00:00:29"
1170,1523,"554786 491694 4240","2013-05-28 22:08:51"
1171,1613,"542395 2501099766","2016-10-30 11:50:45"
1172,1006,"514253 8605047023","2012-09-08 21:02:04"
1173,544,"513791 8442032320","2018-03-12 19:29:17"
1174,1927,"545767 885347 2967","2014-05-05 01:39:09"
1175,371,"5282 3078 9625 4569","2012-09-01 14:17:43"
1176,157,"5410 8361 8100 9499","2012-10-31 08:26:39"
1179,226,"5562 8711 1480 1189","2013-04-28 21:21:24"
1180,1598,"511600 7527781517","2014-12-18 11:11:06"
1181,1939,"522745 477641 2046","2013-05-09 16:03:59"
1182,268,"552 05657 00003 082","2014-11-07 17:40:56"
1183,1419,"5184 7855 7763 2105","2014-01-03 18:57:20"
1184,1693,"546198 980149 3755","2016-06-17 09:21:00"
1186,1172,"554 36794 07024 185","2012-05-30 11:04:38"
1187,167,"5250972347178549","2018-03-01 23:24:35"
1188,523,"536 70406 86012 719","2011-12-04 10:01:09"
1189,34,"542222 2144314944","2013-02-13 19:13:19"
1190,208,"539 99065 32511 694","2016-06-03 12:43:26"
1191,1743,"533 23959 41067 995","2014-02-24 17:05:15"
1192,168,"5413744073736921","2011-09-01 10:32:02"
1193,196,"547582 8829351302","2014-08-01 11:54:21"
1194,84,"536349 945776 3716","2013-06-02 10:47:56"
1195,506,"534614 795408 6881","2016-10-07 22:06:53"
1196,1351,"527636 1758142048","2015-06-24 12:59:38"
1197,1334,"513089 1414539282","2013-08-11 04:35:32"
1198,1798,"534181 185389 7376","2013-11-07 10:33:00"
1199,176,"5484087005488714","2012-10-13 19:12:09"
1200,615,"5586018755726182","2017-02-12 03:03:19"
1202,1900,"551 94398 53875 055","2011-02-14 14:28:22"
1203,1950,"535567 797714 7870","2015-04-21 03:31:35"
1204,1424,"5482 7312 2711 2675","2017-10-28 07:33:55"
1205,603,"541565 258219 1660","2014-07-12 16:15:51"
1206,222,"521961 4898087261","2016-07-24 02:58:45"
1207,1055,"5467390819772278","2012-07-26 11:22:13"
1208,1077,"526 61086 03399 378","2015-12-11 09:48:57"
1209,224,"513 65593 06000 879","2018-05-23 18:58:21"
1210,1542,"547630 908023 6689","2018-10-14 22:22:04"
1211,1392,"536215 4576465559","2014-09-30 03:33:30"
1212,1869,"5284581714123366","2015-10-21 09:03:54"
1213,1388,"5118 5560 3405 8627","2012-05-13 03:36:28"
1214,1234,"545006 1026574950","2015-09-08 04:18:25"
1215,206,"520 66738 04434 442","2014-04-10 21:27:25"
1216,1591,"524 13632 73632 851","2015-11-18 09:29:06"
1217,516,"544591 7541287659","2011-10-05 22:58:59"
1218,1919,"5326745019249685","2012-03-04 02:04:59"
1219,792,"5373728925932679","2012-09-29 18:12:28"
1221,873,"518 92321 01607 357","2014-04-02 22:14:42"
1222,807,"544526 809518 1082","2016-06-16 20:15:16"
1223,883,"5101384627508174","2012-01-30 03:10:16"
1224,1752,"522 82398 86252 609","2012-08-27 12:34:11"
1225,651,"515415 9566940232","2014-03-09 12:08:56"
1226,406,"512 47961 82698 392","2016-09-28 09:28:14"
1227,859,"553 42081 73195 192","2016-07-19 09:23:05"
1228,845,"5125103592943972","2012-04-18 11:46:43"
1229,1758,"553097 311271 3124","2011-06-11 11:25:22"
1230,1912,"530 78156 53482 802","2015-04-08 06:19:34"
1231,837,"5288303565525466","2016-09-23 02:24:27"
1232,841,"528 97765 90004 806","2018-01-12 13:06:15"
1233,985,"5151 5511 6124 3280","2014-05-23 03:30:17"
1234,1935,"5254 3710 6019 1191","2017-05-29 08:16:35"
1235,1627,"5315918358269035","2012-09-25 02:47:58"
1236,1996,"5122 0632 8292 6245","2015-11-18 16:51:59"
1237,268,"558 44317 45562 793","2016-07-18 09:32:09"
1238,1207,"514 64285 15091 418","2016-01-28 09:09:36"
1239,940,"545 11113 88255 372","2016-11-24 11:20:46"
1240,1349,"5200 3552 2796 1310","2015-08-18 19:20:29"
1241,1333,"514071 140248 9233","2012-09-02 21:24:01"
1242,1972,"517670 729897 4897","2015-06-05 21:27:49"
1244,663,"534616 694492 4563","2014-10-11 21:47:09"
1245,1797,"5195443201305204","2018-09-18 18:27:44"
1246,1513,"5341 5391 5327 5163","2016-04-24 18:07:36"
1249,1688,"5336533473763617","2013-02-26 07:04:32"
1252,1177,"542132 4119488181","2018-11-04 08:52:40"
1253,550,"551527 674010 7803","2013-04-13 13:29:12"
1254,172,"542688 610637 5162","2018-09-13 12:28:04"
1255,722,"518 41489 22715 127","2011-09-10 17:09:26"
1256,325,"545898 1182323631","2014-09-16 07:51:19"
1257,684,"516 34632 75915 652","2018-11-05 23:15:01"
1260,1681,"5100005782329608","2018-07-06 06:50:09"
1261,180,"516876 2275884049","2015-02-06 15:52:06"
1262,371,"521490 638145 9907","2018-11-03 09:49:57"
1263,757,"557 76440 60941 199","2012-12-18 16:47:01"
1264,1311,"528 97499 86901 778","2013-10-30 18:26:46"
1265,1964,"5142525444830552","2015-04-18 12:16:18"
1266,818,"511943 8986662376","2015-07-27 21:59:44"
1267,1395,"513109 8690756254","2018-08-03 18:59:33"
1268,1357,"555641 252350 0514","2016-08-11 22:41:31"
1270,594,"5327 7404 0481 8185","2014-06-05 10:15:24"
1271,1456,"540 97009 96141 983","2012-07-19 08:18:44"
1272,844,"517 05558 99725 408","2016-06-16 23:13:32"
1273,1866,"535 53830 04756 789","2017-06-09 16:30:28"
1274,1305,"516674 9123255698","2013-01-12 22:19:48"
1275,176,"5585940324422251","2012-04-20 11:15:22"
1276,1509,"546240 2783537697","2013-09-29 11:36:02"
1277,1777,"5130936906456436","2014-06-02 15:34:03"
1278,1523,"536414 0762335308","2011-10-11 06:50:23"
1279,1705,"542938 1167511142","2011-03-29 02:11:19"
1280,1706,"5245714539015131","2016-10-27 16:25:21"
1281,458,"5233344898474515","2016-04-06 07:00:20"
1283,355,"532 18013 75533 223","2016-03-24 05:29:36"
1284,1270,"548668 183472 2612","2015-02-16 12:22:06"
1285,985,"5229 0446 4576 0457","2016-03-18 17:51:15"
1286,755,"512 16815 18386 461","2015-08-18 10:11:33"
1287,865,"5297989144315087","2012-04-10 03:27:13"
1288,1532,"5500 5381 8591 6940","2014-02-07 21:16:14"
1289,1264,"5108162525743504","2016-01-08 14:48:01"
1290,80,"5500 1455 6343 5541","2017-04-26 23:42:03"
1291,96,"556120 2518775913","2015-02-28 01:09:30"
1292,2,"5396 7412 3232 6587","2015-08-30 01:22:22"
1294,1693,"542112 815291 5681","2018-04-25 12:56:54"
1295,1610,"524 18731 06553 280","2011-09-01 03:36:01"
1296,760,"549 18370 08290 546","2015-08-25 23:59:33"
1297,1266,"545 55466 72424 661","2014-04-17 04:28:31"
1299,1293,"519 85721 14974 974","2016-05-09 04:54:42"
1300,1051,"5358 4903 0711 7119","2015-06-04 17:38:58"
1301,475,"526 80470 04561 590","2011-02-23 01:03:38"
1302,989,"5287014778395255","2012-06-25 20:06:19"
1303,1025,"555 46283 08665 782","2014-12-16 13:59:07"
1304,1248,"536395 040507 5017","2012-05-13 18:15:03"
1305,1270,"554616 437132 2094","2012-06-16 00:39:15"
1307,590,"536 68938 71434 291","2012-05-10 02:16:19"
1308,798,"556109 668215 9346","2016-12-14 22:04:23"
1309,1948,"551735 4574992281","2012-05-07 09:33:13"
1311,488,"548105 795820 1433","2013-01-31 09:51:58"
1312,1696,"522 31779 11045 082","2014-05-02 05:16:18"
1313,1867,"521193 3382931166","2012-10-25 18:26:04"
1314,1352,"5591 1802 0352 6763","2017-05-08 09:01:12"
1315,648,"513807 658971 0593","2011-10-22 07:06:41"
1316,395,"5181 6067 6505 2174","2011-12-04 19:54:35"
1317,686,"552517 2425080696","2011-05-19 14:47:49"
1318,1080,"5493063156268816","2016-05-20 14:31:07"
1319,1518,"524271 8127040149","2017-12-11 06:24:37"
1320,542,"559 71340 28973 472","2015-03-02 23:13:27"
1321,1233,"5577658146252819","2016-03-20 03:37:30"
1322,1885,"511926 3626983747","2015-03-25 13:05:27"
1324,1107,"5268201663739456","2014-08-09 02:13:52"
1325,279,"548 93455 78649 780","2017-02-05 08:54:54"
1326,1410,"550 10091 91899 784","2014-12-12 05:43:58"
1327,1699,"537846 787164 1530","2011-01-13 06:00:50"
1328,1040,"512 86448 36951 435","2017-01-16 06:23:20"
1329,403,"5511438492640340","2011-09-14 15:48:03"
1332,1086,"540 05878 10741 208","2014-05-27 01:45:40"
1333,1664,"5284 9838 6825 9691","2012-03-06 11:49:38"
1334,287,"5582 4448 1550 8564","2012-10-12 10:49:26"
1335,81,"5381103556194447","2013-11-25 07:31:55"
1337,609,"550636 846220 8322","2012-07-24 03:48:21"
1338,1160,"520146 615371 6484","2017-08-02 12:55:50"
1339,1179,"5172227060486404","2014-07-15 15:33:33"
1340,195,"5230188782586816","2014-08-18 05:04:22"
1341,118,"523 49013 67223 399","2018-12-21 03:11:41"
1342,1862,"5102 2212 9251 3585","2014-11-22 12:48:38"
1343,109,"5460 6267 5760 7894","2011-11-08 01:41:18"
1345,1504,"5352688753232136","2012-10-01 12:36:51"
1346,27,"548 44423 57659 364","2017-11-04 00:38:59"
1347,1923,"551383 7738268535","2011-04-21 18:34:55"
1348,1523,"5491 8483 9975 7381","2012-01-29 14:09:27"
1349,422,"516 82626 43262 077","2017-05-26 20:02:43"
1350,1463,"545 74619 48804 183","2014-10-28 14:08:21"
1351,1273,"5203838904745608","2013-08-23 04:05:21"
1352,1469,"550139 5047414997","2015-05-20 23:30:52"
1353,707,"527 22431 24436 243","2014-06-22 16:01:26"
1354,300,"5429513411699360","2014-11-28 21:06:20"
1355,417,"514 20648 24888 907","2014-09-01 17:24:34"
1356,396,"551 15824 34862 627","2013-11-18 19:18:41"
1357,1991,"5440 2819 5084 8088","2012-12-27 06:56:54"
1360,1040,"549371 4670020824","2017-03-04 01:52:39"
1362,1136,"5357080361429525","2015-05-09 00:28:40"
1363,1408,"549 73562 64833 885","2015-12-18 12:27:40"
1364,1175,"529379 063452 5209","2014-06-14 12:05:21"
1365,131,"5543512016341890","2017-11-19 02:44:33"
1366,663,"5337 0717 3268 3333","2014-05-10 08:54:50"
1367,555,"521 88240 31207 178","2017-06-01 07:29:22"
1368,1108,"548220 5829047852","2011-08-26 13:02:58"
1370,1995,"550 84808 36794 511","2014-03-03 08:46:44"
1372,1300,"5126 1243 0973 8959","2015-04-21 11:40:40"
1373,185,"5167362950350233","2012-07-31 07:57:15"
1374,1900,"5454 7087 4635 1004","2011-02-26 22:45:07"
1375,583,"540265 272322 9390","2016-10-23 07:43:03"
1376,1291,"517637 812736 8519","2015-12-14 20:08:53"
1377,51,"543137 519075 0954","2011-05-11 12:44:29"
1378,1147,"553071 1136707940","2011-06-26 17:06:58"
1379,926,"518493 1721413188","2012-07-03 17:40:27"
1382,1249,"515211 3875591253","2017-01-02 10:55:14"
1383,1666,"520209 845673 1461","2014-01-20 09:24:49"
1384,1428,"5452 8529 4226 8679","2016-02-06 17:28:19"
1385,1636,"5225409909475296","2011-02-16 12:24:44"
1387,1668,"5327041865408289","2014-09-19 08:52:35"
1388,972,"5414 0000 5725 4319","2012-08-26 23:34:19"
1390,1747,"517912 0859153124","2017-10-14 13:11:02"
1391,1974,"5413 6370 8855 4141","2016-08-28 01:47:25"
1392,1646,"5471 4390 7961 8814","2013-06-30 17:01:48"
1393,445,"532968 673353 9950","2015-06-14 23:46:15"
1394,1540,"539 97100 47309 663","2013-10-24 00:08:09"
1395,1095,"5518 5142 0585 6812","2013-03-03 09:05:11"
1397,1064,"5595 7585 7782 2144","2017-01-27 05:43:23"
1398,738,"529 47428 79923 432","2017-06-01 08:19:10"
1400,74,"5339 4838 5201 2508","2011-04-18 20:12:48"
1401,766,"5103 9982 6876 3927","2018-05-06 03:31:11"
1403,813,"5350440515566639","2013-06-08 17:10:53"
1404,763,"5564 5036 2935 7385","2016-02-05 00:53:10"
1405,793,"528212 224263 9870","2014-04-14 09:17:31"
1406,241,"533 43262 59391 428","2018-05-02 08:37:27"
1407,1944,"535971 379284 6994","2015-04-20 10:09:06"
1408,454,"524577 8270156651","2011-04-21 00:35:41"
1409,1903,"512494 7191055278","2015-06-11 03:26:44"
1411,1865,"517968 6803786904","2017-01-21 10:04:54"
1414,1402,"5422 4966 2163 7916","2011-03-09 21:24:01"
1415,238,"555830 558054 4631","2015-10-06 08:34:34"
1416,26,"5427449343613892","2014-09-26 05:38:39"
1417,1647,"523 31712 07011 146","2015-01-11 09:13:18"
1418,1476,"5425774505299392","2015-10-02 04:54:00"
1419,582,"5596897941815456","2011-06-04 16:58:28"
1420,378,"516 82783 41100 377","2012-11-26 07:49:53"
1421,559,"531219 2285817273","2016-04-25 13:14:41"
1422,1429,"5435 3257 4036 0263","2013-09-26 06:57:24"
1423,609,"546 11072 74068 992","2012-11-27 02:09:46"
1424,424,"5208593233206542","2017-04-15 12:50:05"
1426,1911,"5267 2285 7693 0956","2017-09-15 05:02:02"
1427,1427,"556208 143595 8474","2017-02-11 02:02:36"
1428,292,"553704 318694 8775","2018-07-25 22:42:37"
1430,377,"538995 1556979684","2011-05-12 14:11:30"
1432,1737,"5223 4186 9812 2433","2018-07-11 08:28:38"
1433,233,"5307375752914619","2011-08-22 05:30:29"
1434,66,"5263 1489 6048 5512","2017-03-05 21:47:34"
1435,1399,"533556 9231307330","2017-06-11 21:28:46"
1436,1794,"559 23019 04673 501","2016-10-11 09:43:29"
1437,391,"538926 308032 1742","2015-07-06 20:17:03"
1438,255,"555541 7020922757","2012-09-26 22:42:59"
1439,801,"5533885186742564","2011-01-28 07:12:23"
1442,747,"519658 418820 1764","2011-09-04 09:17:09"
1444,759,"556 39357 00897 312","2012-06-16 02:08:20"
1445,1567,"530 91902 96065 275","2015-08-24 14:27:50"
1448,478,"5219 3832 3490 0591","2015-07-14 09:02:38"
1449,1337,"5237659940228247","2011-09-06 11:35:42"
1450,205,"5355399620593026","2018-02-27 07:47:40"
1451,1306,"531950 9179766261","2017-07-06 11:39:53"
1452,1603,"532 82411 45659 409","2018-01-12 03:29:31"
1453,351,"5227464790812501","2013-04-21 18:36:55"
1454,1126,"551049 711362 9505","2012-08-13 01:39:27"
1456,361,"5374032394376339","2015-04-21 00:16:03"
1457,1876,"556277 1723444688","2012-11-04 14:41:16"
1458,50,"5131 3447 0264 5527","2014-09-08 23:58:35"
1459,646,"512 66710 92380 191","2017-05-27 11:12:47"
1461,420,"522479 471208 7367","2018-12-23 03:46:14"
1462,1770,"5181 7997 9145 5527","2017-12-20 12:51:45"
1463,1856,"5372009299258681","2012-03-20 18:25:51"
1465,1563,"559363 574230 7023","2017-06-20 03:52:31"
1466,774,"530796 012592 0938","2011-07-20 18:14:50"
1467,1725,"516 74817 57586 060","2013-08-15 17:10:20"
1468,2000,"5506 2140 0700 5494","2018-07-24 12:25:11"
1469,282,"548056 8101440109","2012-07-29 00:20:23"
1470,917,"5455 1202 6813 0163","2017-01-03 13:01:39"
1472,1581,"540 73424 26915 207","2012-12-20 23:45:10"
1473,1555,"5364928570913542","2018-09-30 04:21:58"
1474,570,"558328 4302827021","2014-05-26 04:28:45"
1475,945,"5328492120652147","2015-08-19 10:38:20"
1476,338,"535792 5327011546","2011-05-17 19:09:05"
1477,652,"535457 887393 2137","2015-10-26 07:32:36"
1479,426,"530352 894286 2957","2014-12-21 20:29:37"
1480,1159,"5501700605262276","2017-12-26 04:19:45"
1481,1910,"528 31826 20614 050","2016-11-16 20:48:30"
1482,1350,"510 35993 97954 401","2011-09-22 04:15:21"
1483,997,"5435 8484 7770 0419","2016-01-28 09:11:18"
1484,1582,"513846 2316476890","2013-01-14 17:45:01"
1485,1699,"5327971867118694","2011-12-14 15:13:25"
1486,1691,"559837 8141120540","2016-09-15 18:03:12"
1487,382,"510 97916 01247 367","2014-01-17 16:27:49"
1488,1795,"527 17487 62771 868","2014-01-06 13:02:25"
1489,452,"5563499689432278","2011-04-07 05:07:45"
1490,1271,"5250048264402152","2013-05-04 09:15:53"
1491,1573,"511490 451376 8684","2018-05-29 07:01:41"
1494,1751,"512 55761 77593 520","2014-09-18 15:28:30"
1495,1763,"5226 9142 2813 4424","2012-11-30 05:18:40"
1496,1771,"5309684434376305","2018-02-07 18:38:32"
1497,1103,"529 38367 77795 503","2017-07-03 22:21:57"
1500,1883,"510853 3703215020","2017-11-15 15:48:33"
1502,936,"5236888209097420","2018-11-18 20:45:17"
1503,428,"5504875780953118","2017-03-07 22:01:56"
1504,1252,"538599 729853 8464","2013-03-01 16:28:19"
1505,101,"535567 1161941453","2016-12-07 18:04:51"
1506,1257,"543470 017659 1733","2012-07-23 16:33:27"
1508,141,"556196 8177239223","2014-10-12 14:59:46"
1511,1857,"5544122991021837","2013-06-01 02:07:13"
1513,1905,"532230 516261 3064","2016-07-08 11:22:17"
1514,557,"539809 401923 7025","2017-01-11 17:06:58"
1515,17,"531098 0311572454","2018-04-25 07:18:19"
1516,647,"5508709823064524","2011-10-22 01:59:31"
1518,464,"5116 7933 2836 5028","2017-06-15 21:33:13"
1519,1231,"541926 662897 0098","2013-08-25 14:10:39"
1520,657,"543230 170228 4893","2015-03-05 06:36:57"
1521,1286,"537 52819 81502 273","2018-01-10 05:23:49"
1523,1932,"558417 595775 8710","2018-12-16 21:59:54"
1524,1144,"519161 753936 3597","2015-11-12 00:20:19"
1525,109,"527044 7623059545","2011-05-28 00:24:46"
1526,1919,"527698 905011 2317","2014-01-13 16:49:06"
1527,641,"557573 675242 9871","2017-06-13 16:39:00"
1528,695,"556339 5129483774","2012-03-21 18:31:20"
1530,245,"5509554643198352","2018-12-24 14:00:45"
1532,358,"517335 8154282000","2011-02-19 07:10:30"
1533,847,"522 80238 45607 370","2012-10-05 17:13:59"
1534,362,"5589074328820827","2018-08-13 20:17:49"
1536,1193,"510926 9856254719","2012-06-04 18:27:39"
1537,930,"552942 9796981050","2014-12-09 21:34:30"
1538,1407,"5120043291349268","2015-10-16 18:34:30"
1539,282,"546057 265212 5758","2014-05-09 22:34:56"
1540,1151,"5252287339158153","2015-11-12 09:04:37"
1541,1854,"542 19528 09408 505","2017-09-10 05:27:26"
1542,1426,"5207456736423488","2012-04-13 09:02:34"
1543,762,"536993 9540202226","2012-03-15 03:04:30"
1544,1024,"5522 5468 3106 9414","2014-06-25 18:52:47"
1545,1210,"5368047184813992","2015-05-08 14:23:18"
1546,1281,"529 53876 50575 974","2017-03-16 11:46:14"
1547,604,"5419309833907156","2011-04-17 16:26:38"
1548,1819,"5444 6663 5636 9893","2016-06-21 21:48:04"
1549,1815,"5583 4526 8036 9334","2011-11-18 01:17:28"
1550,1399,"514267 676628 7127","2013-09-03 19:17:47"
1551,606,"5159847297064869","2017-01-15 17:18:22"
1552,1343,"556 68891 54407 978","2011-02-15 12:38:48"
1553,1425,"5525 3965 9746 4921","2014-12-16 13:00:48"
1554,1708,"536167 953747 7062","2013-01-22 17:45:35"
1555,1701,"5412 9821 5794 9611","2011-02-28 04:24:09"
1557,97,"530887 407110 8670","2017-01-30 09:27:56"
1558,375,"547615 776954 3788","2013-06-30 22:21:28"
1559,879,"546 04487 43187 547","2015-09-22 20:39:55"
1561,547,"558 85893 52822 572","2016-07-23 13:54:41"
1562,67,"539479 5264597020","2012-03-09 09:43:34"
1563,253,"531057 019975 8356","2011-10-23 09:03:02"
1564,913,"551 55193 82307 094","2011-12-27 23:56:11"
1565,1759,"555624 1188579913","2013-08-20 14:50:11"
1566,1494,"5428859882972781","2017-11-19 13:15:59"
1567,503,"5185 6053 4805 7078","2017-10-03 21:47:59"
1568,1840,"552 31608 13935 607","2017-11-15 00:51:52"
1569,686,"5407 6347 3871 7168","2016-12-04 14:51:56"
1570,442,"5405 5176 3201 4455","2018-09-03 15:52:06"
1571,337,"550120 976622 9793","2016-04-11 06:49:05"
1572,994,"545248 5968980750","2018-12-18 02:19:36"
1573,1677,"527836 116354 0982","2014-01-24 22:40:07"
1574,1618,"532210 558609 5801","2017-12-30 09:59:52"
1575,1490,"513885 9463655061","2018-11-18 00:30:17"
1576,791,"539396 6728705878","2011-08-08 02:03:58"
1578,266,"5255 5744 4804 5588","2018-07-25 01:55:59"
1579,1117,"522 01441 42768 695","2015-10-04 09:05:05"
1581,141,"518013 8072238917","2012-12-31 15:44:26"
1584,1587,"5500 5596 9361 8356","2015-08-17 14:34:50"
1585,1707,"5110637793030763","2014-01-15 20:06:09"
1586,872,"5131143508615274","2018-02-21 03:08:37"
1587,1527,"531860 053766 7118","2012-09-20 01:02:43"
1588,1110,"5399504608878665","2013-05-07 17:43:13"
1589,1488,"5525443428734302","2017-02-25 11:51:43"
1590,316,"510 82707 11079 409","2016-01-17 10:31:54"
1591,724,"540 61010 14981 927","2016-08-31 07:07:50"
1592,1835,"537 53184 42943 504","2014-09-13 08:58:17"
1593,1842,"515410 873472 2758","2014-08-09 12:41:42"
1595,1373,"539491 3219119622","2011-10-19 16:39:37"
1596,1133,"526057 9496933927","2015-07-01 01:25:20"
1597,276,"529758 9416019639","2015-09-18 02:14:27"
1598,420,"552 17026 87808 022","2012-08-24 20:52:35"
1599,1022,"519 14140 82684 342","2011-07-06 12:59:48"
1600,669,"5337 5941 6628 5697","2015-01-23 14:36:29"
1601,1358,"519855 377241 0204","2015-06-23 01:23:35"
1602,1960,"510543 301196 4521","2015-07-04 11:40:06"
1604,475,"5539 6587 9598 6169","2016-12-27 17:16:01"
1605,1221,"5224293313290116","2018-10-08 22:05:31"
1606,1545,"5166 3361 7756 7572","2014-08-18 08:35:40"
1607,624,"5246577984789974","2017-12-28 09:08:33"
1608,1249,"544434 8159638739","2017-12-28 19:27:04"
1609,1483,"513 06892 75465 849","2015-12-04 19:44:20"
1611,1252,"5581554851761793","2015-11-04 18:10:56"
1612,657,"552 85686 52331 230","2017-05-25 07:32:21"
1613,1374,"527 38660 79801 877","2012-08-01 17:29:23"
1614,1084,"5190 6935 4620 9652","2012-01-13 10:50:45"
1615,1676,"5597619942193165","2018-08-24 18:52:55"
1616,286,"550864 573934 4255","2017-06-22 14:19:31"
1618,1441,"5544141459731463","2011-05-01 16:03:25"
1619,1795,"5446686152054174","2017-06-03 16:39:59"
1620,698,"556875 286835 1155","2016-12-18 03:26:42"
1621,1582,"5282 5730 2685 5480","2016-05-26 16:51:50"
1622,587,"5268491220155979","2011-02-18 14:58:49"
1623,274,"5425 2121 3503 1091","2017-01-23 11:29:01"
1624,1759,"5339183086526311","2014-08-15 12:16:40"
1627,728,"554531 608508 8756","2012-05-27 03:26:28"
1628,610,"516 90799 92044 735","2011-02-06 17:46:55"
1629,670,"553323 499620 3550","2017-12-11 03:18:58"
1631,122,"5322 9549 6867 7789","2011-02-22 18:18:50"
1632,1824,"5447 2346 7070 4456","2014-06-12 04:05:08"
1633,1529,"5272034521707777","2018-07-21 17:28:43"
1634,227,"5155 9047 2554 7579","2018-08-15 22:55:04"
1635,1267,"5582 1136 5418 5921","2018-01-09 19:37:16"
1636,1238,"522 89856 64782 668","2017-12-06 13:43:55"
1640,1106,"5591242570171696","2018-09-11 01:49:07"
1641,413,"5274404605280165","2018-08-24 05:55:29"
1642,1680,"558 78215 21265 487","2017-02-11 10:19:56"
1643,775,"555092 159125 8181","2012-04-08 01:01:56"
1644,1290,"524770 9723164735","2015-02-13 18:41:30"
1645,1930,"5463 6833 9304 6448","2015-08-13 16:51:52"
1646,1191,"549519 209875 7525","2016-01-27 00:28:00"
1647,1078,"5352280940508337","2013-06-22 21:22:14"
1648,622,"5146296250733506","2018-11-17 07:24:04"
1650,76,"5497 1830 5921 0057","2014-10-19 09:30:57"
1652,1128,"5149 3732 0852 2955","2018-12-27 17:37:23"
1655,473,"532616 8105569603","2018-10-13 17:52:50"
1656,489,"5153 0446 4912 2605","2013-03-14 18:01:17"
1657,1816,"5225 5817 9936 2345","2015-04-21 16:03:31"
1658,1780,"5111 8973 4582 5115","2011-06-14 00:18:07"
1660,698,"5184949589069066","2011-12-12 19:04:56"
1661,649,"524560 7921553760","2017-08-06 08:14:23"
1662,668,"5273982364668309","2015-11-03 19:05:39"
1663,1730,"5338 9954 5113 8740","2014-09-24 06:04:37"
1664,1772,"5224 1064 2319 2552","2014-08-30 11:17:51"
1665,1934,"552544 5651613020","2015-08-11 01:54:26"
1667,1411,"516769 940837 7809","2015-04-03 07:26:50"
1669,1715,"517025 2579002775","2013-01-13 04:25:52"
1670,1671,"5346 1816 7382 9297","2013-04-23 14:13:08"
1671,124,"5379220429308022","2017-07-09 15:40:21"
1672,1507,"5572 9593 7045 7313","2012-07-31 10:57:10"
1673,260,"515024 352272 3744","2011-01-24 05:46:53"
1674,878,"547295 9858274108","2011-03-08 12:04:22"
1675,1971,"5262 6717 2899 4112","2013-02-11 21:12:58"
1676,85,"5295 2741 3330 3499","2018-02-20 11:31:16"
1677,1500,"5341 1458 8545 1583","2016-07-09 08:42:08"
1679,1505,"516739 085502 4264","2016-04-11 20:37:03"
1681,1683,"5148759350238799","2012-01-25 16:58:09"
1682,1200,"519 93872 30704 463","2013-07-08 09:25:23"
1683,77,"525 26448 77476 977","2015-10-28 07:51:11"
1684,608,"530950 9783947028","2015-03-01 17:40:00"
1685,1537,"514373 7064935558","2013-04-04 22:49:14"
1686,1954,"538140 0672295730","2017-08-23 02:25:57"
1687,366,"544 36584 75619 382","2011-07-27 16:18:07"
1688,745,"525406 307774 3961","2012-11-27 05:25:56"
1689,1993,"5445564297026269","2017-09-12 22:07:06"
1690,424,"5554472872004692","2014-10-27 10:27:36"
1691,1472,"521214 9089924623","2016-06-07 04:10:58"
1692,1504,"520 79004 29384 507","2017-06-20 07:08:21"
1693,1733,"5520477981862113","2014-10-22 07:52:08"
1694,1531,"5301 5170 9808 2959","2018-08-14 10:51:15"
1695,1668,"547904 610470 1812","2011-01-10 23:15:41"
1696,1346,"549998 6073365287","2016-07-05 23:20:50"
1697,238,"515340 049982 6093","2015-07-09 03:54:57"
1698,880,"545 63660 81896 311","2015-10-21 02:14:40"
1699,432,"554879 744289 5941","2013-10-31 19:44:55"
1701,1382,"546222 885653 4315","2012-01-26 15:44:38"
1702,1380,"536 77592 98732 766","2011-01-05 00:20:01"
1703,1412,"524929 164494 1473","2017-02-04 07:57:11"
1704,1138,"5480620150117458","2018-11-05 23:04:15"
1705,1268,"557 46822 06641 326","2013-08-26 21:43:39"
1707,1508,"5460 8192 0823 7524","2017-04-18 02:12:33"
1710,1985,"5445407753838142","2014-09-02 09:58:27"
1711,176,"522 67741 95898 348","2014-07-23 03:47:27"
1712,220,"515 71000 73243 659","2012-05-21 04:33:40"
1713,767,"536 08862 93052 523","2013-08-25 14:01:42"
1714,992,"518662 995685 3957","2013-12-04 14:51:12"
1715,1837,"557334 579552 8525","2018-09-27 19:21:23"
1716,1516,"546 29181 99816 060","2017-01-06 13:21:23"
1717,1622,"516293 3859396975","2016-05-06 19:13:26"
1718,868,"529559 3828941721","2013-11-25 19:49:52"
1719,1292,"535126 0413842216","2018-02-26 22:46:50"
1721,1062,"514751 953454 8310","2018-11-26 07:30:40"
1722,1382,"547623 7979952472","2017-08-15 05:24:08"
1723,48,"532984 6966199274","2011-04-04 21:28:20"
1724,1942,"5259 2666 1921 4863","2012-02-18 17:31:38"
1725,376,"533995 9195289770","2017-03-22 15:36:58"
1726,1728,"531155 013722 7853","2017-12-20 10:12:30"
1727,1497,"518750 2164157991","2013-08-07 22:59:44"
1728,146,"547642 6374962604","2016-08-21 16:34:43"
1730,1740,"5423 5676 4116 0599","2013-04-22 03:48:22"
1731,1309,"527507 437992 6423","2013-10-12 15:09:22"
1732,473,"5348 4229 4838 9479","2011-11-26 06:06:41"
1734,1405,"531809 1560093820","2018-10-10 01:22:28"
1735,265,"5439018278302742","2015-02-01 19:49:57"
1736,515,"521 35754 29549 218","2015-10-16 07:26:51"
1738,517,"5340688913666640","2013-04-14 04:28:43"
1740,1813,"557255 1230316191","2013-07-25 23:30:17"
1741,1038,"5160348214779850","2016-10-29 10:23:46"
1742,464,"542303 4096108581","2013-10-11 06:26:59"
1743,396,"5107 7977 7088 9543","2012-04-06 00:27:21"
1744,907,"5230 2433 1645 7842","2015-05-31 16:46:42"
1745,1171,"5450608800761631","2012-01-22 08:09:23"
1746,1607,"549 59289 55398 832","2017-01-29 17:09:28"
1748,444,"5327 0615 6070 3990","2015-06-27 09:11:27"
1749,583,"525394 6740998551","2014-05-14 19:40:21"
1750,1664,"512 65433 13884 279","2017-11-29 22:01:31"
1751,568,"511 74581 80730 961","2016-11-06 10:05:18"
1752,563,"5596962518082847","2012-11-20 14:42:04"
1753,1289,"5520 6651 8990 4832","2013-08-01 10:26:17"
1754,473,"5356 4696 4675 1210","2018-05-23 20:10:28"
1755,1954,"5201770858749819","2018-08-11 19:09:09"
1756,1547,"536130 7837155986","2018-07-24 04:26:07"
1757,1236,"5377 7720 7382 0019","2014-11-10 12:30:23"
1758,77,"5317 2621 2484 5747","2012-11-03 15:31:57"
1759,163,"534379 433742 8000","2017-11-07 01:30:04"
1760,191,"516559 427196 9232","2018-12-06 13:15:40"
1762,497,"547124 329584 2319","2011-12-12 20:25:17"
1763,800,"543033 855343 1399","2013-11-06 17:42:32"
1764,46,"544 01301 77154 236","2018-06-17 07:01:59"
1765,193,"532644 2807851589","2011-05-31 01:55:14"
1767,1499,"5168 2119 7958 2673","2012-02-06 23:17:17"
1768,570,"511 23383 83833 587","2015-10-02 19:29:11"
1769,1182,"535940 953647 4991","2011-06-06 22:02:26"
1770,374,"5128218043139314","2012-01-26 16:07:58"
1771,1608,"541330 6706349975","2016-01-18 09:45:34"
1772,689,"555927 382983 6086","2016-08-30 10:03:46"
1773,867,"5373966821767498","2013-02-12 22:03:27"
1776,749,"5280084202736801","2016-11-27 23:01:08"
1777,1889,"536 20260 00562 807","2018-08-25 05:10:15"
1778,273,"5403 6561 4520 2355","2016-11-29 22:03:18"
1779,918,"529 38173 35858 496","2014-08-27 05:08:03"
1780,13,"5147 3509 4626 7053","2017-03-03 07:29:41"
1781,1910,"517 22431 35521 596","2018-05-20 03:48:02"
1783,332,"5360 5645 5396 8403","2016-07-01 09:47:14"
1784,816,"537091 4514915522","2014-08-12 12:37:50"
1785,860,"558 66170 84376 112","2016-04-10 01:38:49"
1786,1001,"5441858756061971","2018-02-23 01:38:16"
1788,867,"517616 001131 3185","2015-06-21 21:38:19"
1789,1957,"559491 6996359657","2018-02-08 08:00:16"
1790,81,"5484 5201 7542 6874","2014-04-21 00:13:39"
1791,1556,"524948 1737520439","2011-12-25 08:02:01"
1792,165,"522070 926800 4305","2016-04-02 15:29:25"
1793,108,"5358434705199196","2011-01-02 20:38:14"
1794,95,"5351 7395 7420 1098","2014-06-18 18:25:58"
1795,862,"526384 371235 5373","2014-07-13 09:46:58"
1796,333,"5436 8273 9619 3624","2016-08-25 15:31:32"
1797,354,"553 77391 42286 354","2016-06-13 05:00:31"
1798,1738,"5120 9657 2559 3006","2014-05-22 18:14:17"
1800,1176,"537983 472528 8447","2018-10-25 05:45:45"
1801,41,"554 68479 06958 503","2017-10-02 23:45:53"
1803,174,"548793 783838 7029","2015-09-24 07:26:59"
1804,521,"547605 1056063008","2017-10-02 13:28:01"
1805,948,"528 32344 71790 859","2012-04-12 06:51:56"
1806,243,"5537 8396 6863 9562","2018-03-26 09:03:55"
1808,1863,"527 02827 07332 835","2014-01-01 06:02:09"
1809,37,"5120146341467970","2015-04-16 05:28:44"
1810,1796,"546257 3156400547","2018-03-28 16:24:58"
1811,1181,"548237 336746 6866","2013-06-29 05:38:48"
1813,727,"5290 7339 0641 7609","2018-04-28 20:24:13"
1815,1339,"558 72389 12508 344","2018-10-19 14:19:24"
1816,1344,"5108278150054122","2013-10-11 15:07:19"
1818,633,"531 71852 28361 172","2016-05-07 16:51:31"
1820,426,"5323434807695390","2014-08-30 04:38:09"
1821,1061,"5336167995727741","2012-09-17 09:54:11"
1822,394,"542393 2902838905","2015-05-22 21:49:24"
1823,521,"551564 9278539441","2011-02-11 20:26:25"
1824,1246,"5293915297101812","2016-01-27 18:55:23"
1825,1442,"516730 6209504967","2016-08-21 03:46:06"
1826,1501,"557 34555 08467 380","2017-01-17 23:31:07"
1827,941,"523096 175337 8946","2012-10-05 03:27:20"
1828,645,"516531 034435 2847","2017-08-18 21:31:42"
1829,158,"551194 151225 6302","2012-08-23 21:31:05"
1831,493,"5145 4271 9540 9149","2017-02-26 05:29:07"
1832,245,"531361 555154 9757","2015-09-25 13:45:54"
1833,1993,"5583 9862 7275 3777","2012-05-27 15:01:32"
1834,1117,"5486121488898632","2013-11-19 18:39:58"
1835,1247,"522339 6865005229","2016-01-02 12:39:54"
1836,664,"530298 493809 2912","2011-07-10 20:50:08"
1838,772,"5308 5247 2682 6107","2015-07-28 04:39:40"
1839,1458,"515514 736147 6196","2011-09-19 07:52:30"
1842,96,"510808 3816481390","2012-03-30 21:07:45"
1843,1141,"529 50455 60496 398","2015-11-27 07:25:06"
1845,563,"555284 612788 9175","2011-02-09 21:22:53"
1846,1927,"510741 0689768226","2011-04-07 02:21:25"
1847,1310,"5385818798187919","2017-12-08 21:51:24"
1848,59,"521778 7103252003","2011-08-27 11:07:55"
1849,1884,"532 66162 13966 897","2012-01-06 11:55:23"
1850,1085,"535898 8847599035","2014-11-08 08:14:45"
1851,57,"5300226126795373","2015-04-17 13:42:02"
1853,642,"552270 1887512110","2017-12-09 19:54:38"
1854,1340,"527 73537 50918 516","2018-08-30 13:03:33"
1855,693,"535726 767100 8525","2018-12-26 18:06:10"
1856,1702,"543 85818 56088 059","2017-08-13 11:30:36"
1857,1644,"5510 7843 8461 8766","2013-03-31 12:54:52"
1858,1248,"511749 8238266345","2016-05-31 09:53:50"
1859,287,"534368 5264072938","2017-11-05 09:32:09"
1860,120,"558 36573 68652 047","2014-01-06 17:08:31"
1861,899,"523583 5119004948","2016-03-17 16:17:55"
1862,1492,"5123131170689586","2012-02-29 11:31:14"
1864,1007,"532287 2444447009","2016-02-11 12:57:56"
1865,1756,"523162 1396893854","2012-09-14 19:59:44"
1866,468,"546915 6507487828","2018-03-10 08:31:51"
1867,1108,"532 94818 44309 026","2012-11-23 23:03:04"
1868,1151,"528035 861414 6118","2011-04-21 20:27:46"
1869,338,"513946 5084878683","2012-06-07 03:01:10"
1870,937,"559271 574022 8073","2018-09-01 15:18:14"
1871,798,"5537363987246421","2018-07-19 09:18:38"
1873,1809,"529664 1958037395","2014-11-14 18:35:00"
1874,1141,"5468 1723 2354 0097","2015-11-14 21:34:08"
1875,1415,"536493 418686 1224","2017-05-16 23:03:25"
1876,201,"534471 535049 5435","2013-04-25 23:33:01"
1877,513,"5362806588033549","2012-11-21 22:10:21"
1878,230,"542652 732514 7905","2014-05-04 07:26:42"
1879,1540,"548511 6164749167","2011-11-11 17:07:10"
1880,1056,"526 16967 85325 943","2013-05-26 20:59:26"
1881,680,"527 59917 47309 240","2014-06-20 03:13:59"
1882,414,"551 41470 27392 114","2011-07-10 08:53:42"
1883,1116,"537978 6032752590","2011-11-28 06:09:21"
1884,1814,"556003 092286 6429","2017-10-01 11:00:26"
1885,513,"5230 7771 3336 6025","2015-10-24 09:06:21"
1886,1655,"5162783148331972","2016-12-18 23:57:39"
1888,1936,"518 56728 49898 251","2016-03-03 17:37:54"
1889,1634,"5152 4056 9647 3897","2015-01-24 18:33:37"
1890,1868,"5586 1369 6808 0336","2017-03-02 16:59:15"
1891,1562,"5263512787954754","2018-11-28 13:16:30"
1892,1254,"5524 0081 4307 0778","2017-04-28 13:04:40"
1894,1923,"543 24163 60720 176","2013-11-08 22:13:21"
1897,1619,"5101647672648487","2016-03-31 02:18:09"
1898,836,"536452 527118 8935","2011-08-09 05:45:49"
1899,1974,"557907 8313836534","2012-01-08 17:16:30"
1900,1703,"524734 9080950671","2015-12-28 19:01:21"
1901,1085,"5461 4583 6810 5566","2017-11-11 23:34:34"
1904,1017,"529 75399 20774 716","2014-08-09 08:02:50"
1905,383,"5394 2915 6382 5577","2013-03-10 16:33:38"
1907,1463,"526872 6534844812","2017-07-21 08:42:59"
1908,1222,"518859 916424 2012","2016-11-25 00:48:51"
1909,140,"5448 2428 9300 0072","2011-05-13 18:22:55"
1910,1493,"540065 698568 8856","2017-06-18 05:51:41"
1911,458,"532799 837205 7919","2015-05-20 10:39:26"
1912,51,"5266 3845 4244 6386","2015-03-23 00:13:07"
1913,1443,"524818 6579593227","2013-11-20 18:59:53"
1914,1714,"531 93660 32205 007","2012-02-08 01:01:39"
1915,1212,"521939 9243298652","2015-09-22 05:58:41"
1916,1097,"535039 0722279353","2011-12-05 08:46:08"
1917,737,"5162 9719 9213 1552","2015-12-21 01:25:21"
1918,1638,"526 26519 73377 106","2013-05-09 12:17:09"
1919,78,"5202325136689557","2017-02-13 14:27:19"
1920,963,"513385 701579 2452","2013-08-19 11:09:52"
1921,593,"533 19990 40828 289","2011-01-27 14:36:52"
1922,1520,"515266 647625 8648","2017-06-07 14:17:02"
1923,1891,"513777 094397 2334","2018-04-22 10:41:56"
1924,1286,"555 59374 42913 977","2017-08-16 08:44:48"
1925,11,"5199 8013 7083 2660","2011-10-01 23:43:26"
1926,838,"5132 6776 6918 3589","2018-09-29 12:17:08"
1927,762,"5198774369190252","2016-10-29 22:53:18"
1928,963,"512 33978 81369 798","2018-12-02 22:03:56"
1929,585,"519823 3131051656","2017-04-11 09:52:35"
1930,1401,"535969 692315 9223","2013-09-13 19:07:37"
1931,573,"5574264689826987","2015-11-03 22:41:52"
1932,151,"556310 0861455182","2017-08-26 16:44:19"
1933,560,"517716 7996267517","2016-12-04 08:09:25"
1934,1694,"535770 0058808752","2014-11-21 01:54:30"
1935,711,"534188 7503156330","2013-01-23 20:37:59"
1936,147,"557248 2617158545","2018-09-09 22:58:50"
1938,1266,"5457 4087 6172 0293","2014-05-09 19:56:40"
1939,1178,"5497 0854 8221 8104","2017-06-15 10:40:47"
1940,59,"551771 6707910945","2012-07-28 23:04:38"
1941,1239,"513 02825 35908 723","2012-01-21 03:15:49"
1943,1909,"527 67780 68356 234","2011-10-16 11:34:57"
1945,1048,"532 42118 38698 455","2017-09-02 17:19:44"
1946,1861,"5264 8227 6792 6618","2012-03-06 02:37:31"
1947,1267,"535756 9567337573","2013-10-24 13:47:29"
1949,1233,"558675 3164412251","2015-02-17 11:29:41"
1950,91,"554 65853 61180 888","2016-06-28 14:44:42"
1951,1555,"533755 4270190282","2013-09-07 20:08:00"
1952,1443,"539 00071 80591 994","2018-01-22 20:48:31"
1953,1385,"518 77504 73893 190","2014-08-27 22:01:33"
1955,487,"545426 670691 2398","2018-10-19 11:51:20"
1956,391,"519496 902472 5963","2012-05-11 03:21:42"
1957,840,"5353779510412951","2013-06-07 18:47:02"
1959,111,"550829 035955 3925","2014-07-18 05:31:45"
1960,736,"536293 482585 4962","2011-05-30 11:34:41"
1961,1595,"5401367277154305","2013-10-01 13:37:23"
1962,1723,"537 27796 68068 966","2014-06-03 14:45:16"
1963,1942,"5378351566225207","2011-09-01 17:00:53"
1964,1875,"519442 264729 2631","2011-06-03 07:10:43"
1965,1169,"511 45366 32587 197","2017-11-14 07:31:13"
1967,642,"524 53177 66542 585","2015-12-24 12:53:38"
1968,1469,"523452 929873 3804","2018-01-03 17:03:31"
1970,1686,"536 89753 05044 677","2017-01-07 00:32:27"
1971,641,"5159181848891525","2015-10-01 01:33:43"
1972,1560,"512793 090654 5905","2017-01-26 12:10:09"
1973,1360,"518 16236 02303 181","2018-04-02 03:29:20"
1974,1796,"5555543065670322","2013-01-05 13:28:31"
1976,750,"5211636228070665","2017-12-12 17:18:26"
1977,1205,"5368020368295427","2012-07-06 20:18:26"
1978,297,"534 56635 56626 297","2012-03-10 02:24:01"
1979,1481,"5144 8699 6903 2519","2016-01-04 06:11:43"
1981,1827,"5426772852177673","2016-11-03 03:10:53"
1982,1810,"558 70698 98819 045","2017-05-30 18:10:04"
1983,677,"5224479366200884","2014-05-20 17:04:55"
1984,854,"522 39830 33671 659","2012-07-28 20:05:14"
1985,169,"511009 8065783516","2012-12-31 00:57:56"
1986,1067,"5254 2092 7139 1566","2014-02-02 01:45:18"
1987,1567,"522 41623 24255 873","2011-09-06 01:59:21"
1988,1196,"5550601907402661","2017-04-28 15:20:32"
1989,1569,"517245 8747522465","2012-09-17 07:54:47"
1990,95,"5263 0311 3564 7499","2015-02-20 02:45:49"
1991,917,"5417 8628 3706 7825","2012-07-11 19:51:31"
1992,1037,"515294 245081 8719","2012-11-03 13:56:53"
1993,394,"5585 7235 4603 2987","2018-11-07 22:31:55"
1995,620,"5569969183398393","2012-12-30 09:47:38"
1997,966,"550 89373 68418 058","2012-01-26 02:13:37"
1998,190,"551 79055 39938 881","2016-06-29 23:33:43"
1999,1922,"531 47479 37908 644","2018-06-14 16:24:47"
2000,1275,"546856 9664574629","2015-10-19 01:19:20"
